unique_ID,pond_id,EPRI_ID,pond,UI,sample_date,measurement,units,analytical_result,non.detect_flag,Year_stopped_receiving_waste,Year_closure_construction_started,Year_closure_completed,Closure_method,gradient,diftime,gradient_type,rolling_median_downgradient_Carbonate Alkalinity,rolling_median_upgradient_Carbonate Alkalinity,rolling_median_change_gradient_Carbonate Alkalinity
22346_12_AU_2015-12-01,22346_1,22346,1,AU,2015-12-01,Carbonate Alkalinity,mg/L,5.0,<,2018-01-01,2019-01-01,2019-01-01,CBR,Upgradient,-161.0,Upgradient,,,
22346_12_BU_2015-12-01,22346_1,22346,1,BU,2015-12-01,Carbonate Alkalinity,mg/L,5.0,<,2018-01-01,2019-01-01,2019-01-01,CBR,Upgradient,-161.0,Upgradient,,,
22346_12_CU_2015-12-01,22346_1,22346,1,CU,2015-12-01,Carbonate Alkalinity,mg/L,5.0,<,2018-01-01,2019-01-01,2019-01-01,CBR,Upgradient,-161.0,Upgradient,,,
22346_12_DU_2015-12-01,22346_1,22346,1,DU,2015-12-01,Carbonate Alkalinity,mg/L,5.0,<,2018-01-01,2019-01-01,2019-01-01,CBR,Upgradient,-161.0,Upgradient,,,
22346_1_F_2015-12-01,22346_1,22346,1,F,2015-12-01,Carbonate Alkalinity,mg/L,5.0,<,2018-01-01,2019-01-01,2019-01-01,CBR,Downgradient,-161.0,Downgradient,,,
22346_1_G_2015-12-01,22346_1,22346,1,G,2015-12-01,Carbonate Alkalinity,mg/L,5.0,<,2018-01-01,2019-01-01,2019-01-01,CBR,Downgradient,-161.0,Downgradient,,,
22346_1_H_2015-12-01,22346_1,22346,1,H,2015-12-01,Carbonate Alkalinity,mg/L,5.0,<,2018-01-01,2019-01-01,2019-01-01,CBR,Downgradient,-161.0,Downgradient,,,
22346_1_J_2015-12-01,22346_1,22346,1,J,2015-12-01,Carbonate Alkalinity,mg/L,5.0,<,2018-01-01,2019-01-01,2019-01-01,CBR,Downgradient,-161.0,Downgradient,,,
22346_12_AU_2016-04-01,22346_1,22346,1,AU,2016-04-01,Carbonate Alkalinity,mg/L,5.0,<,2018-01-01,2019-01-01,2019-01-01,CBR,Upgradient,-143.571428571429,Upgradient,,,
22346_12_BU_2016-04-01,22346_1,22346,1,BU,2016-04-01,Carbonate Alkalinity,mg/L,5.0,<,2018-01-01,2019-01-01,2019-01-01,CBR,Upgradient,-143.571428571429,Upgradient,,,
22346_12_CU_2016-04-01,22346_1,22346,1,CU,2016-04-01,Carbonate Alkalinity,mg/L,5.0,<,2018-01-01,2019-01-01,2019-01-01,CBR,Upgradient,-143.571428571429,Upgradient,,,
22346_12_DU_2016-04-01,22346_1,22346,1,DU,2016-04-01,Carbonate Alkalinity,mg/L,5.0,<,2018-01-01,2019-01-01,2019-01-01,CBR,Upgradient,-143.571428571429,Upgradient,,,
22346_1_F_2016-04-01,22346_1,22346,1,F,2016-04-01,Carbonate Alkalinity,mg/L,5.0,<,2018-01-01,2019-01-01,2019-01-01,CBR,Downgradient,-143.571428571429,Downgradient,,,
22346_1_G_2016-04-01,22346_1,22346,1,G,2016-04-01,Carbonate Alkalinity,mg/L,5.0,<,2018-01-01,2019-01-01,2019-01-01,CBR,Downgradient,-143.571428571429,Downgradient,,,
22346_1_H_2016-04-01,22346_1,22346,1,H,2016-04-01,Carbonate Alkalinity,mg/L,5.0,<,2018-01-01,2019-01-01,2019-01-01,CBR,Downgradient,-143.571428571429,Downgradient,,,
22346_1_J_2016-04-01,22346_1,22346,1,J,2016-04-01,Carbonate Alkalinity,mg/L,5.0,<,2018-01-01,2019-01-01,2019-01-01,CBR,Downgradient,-143.571428571429,Downgradient,,,
22346_12_AU_2016-06-01,22346_1,22346,1,AU,2016-06-01,Carbonate Alkalinity,mg/L,5.0,<,2018-01-01,2019-01-01,2019-01-01,CBR,Upgradient,-134.857142857143,Upgradient,,,
22346_12_BU_2016-06-01,22346_1,22346,1,BU,2016-06-01,Carbonate Alkalinity,mg/L,5.0,<,2018-01-01,2019-01-01,2019-01-01,CBR,Upgradient,-134.857142857143,Upgradient,,,
22346_12_CU_2016-06-01,22346_1,22346,1,CU,2016-06-01,Carbonate Alkalinity,mg/L,5.0,<,2018-01-01,2019-01-01,2019-01-01,CBR,Upgradient,-134.857142857143,Upgradient,,,
22346_12_DU_2016-06-01,22346_1,22346,1,DU,2016-06-01,Carbonate Alkalinity,mg/L,5.0,<,2018-01-01,2019-01-01,2019-01-01,CBR,Upgradient,-134.857142857143,Upgradient,,,
22346_1_F_2016-06-01,22346_1,22346,1,F,2016-06-01,Carbonate Alkalinity,mg/L,5.0,<,2018-01-01,2019-01-01,2019-01-01,CBR,Downgradient,-134.857142857143,Downgradient,,,
22346_1_G_2016-06-01,22346_1,22346,1,G,2016-06-01,Carbonate Alkalinity,mg/L,5.0,<,2018-01-01,2019-01-01,2019-01-01,CBR,Downgradient,-134.857142857143,Downgradient,,,
22346_1_H_2016-06-01,22346_1,22346,1,H,2016-06-01,Carbonate Alkalinity,mg/L,5.0,<,2018-01-01,2019-01-01,2019-01-01,CBR,Downgradient,-134.857142857143,Downgradient,,,
22346_1_J_2016-06-01,22346_1,22346,1,J,2016-06-01,Carbonate Alkalinity,mg/L,5.0,<,2018-01-01,2019-01-01,2019-01-01,CBR,Downgradient,-134.857142857143,Downgradient,,,
22346_12_AU_2016-09-01,22346_1,22346,1,AU,2016-09-01,Carbonate Alkalinity,mg/L,5.0,<,2018-01-01,2019-01-01,2019-01-01,CBR,Upgradient,-121.714285714286,Upgradient,5.0,5.0,0.0
22346_12_BU_2016-09-01,22346_1,22346,1,BU,2016-09-01,Carbonate Alkalinity,mg/L,5.0,<,2018-01-01,2019-01-01,2019-01-01,CBR,Upgradient,-121.714285714286,Upgradient,5.0,5.0,0.0
22346_12_CU_2016-09-01,22346_1,22346,1,CU,2016-09-01,Carbonate Alkalinity,mg/L,5.0,<,2018-01-01,2019-01-01,2019-01-01,CBR,Upgradient,-121.714285714286,Upgradient,5.0,5.0,0.0
22346_12_DU_2016-09-01,22346_1,22346,1,DU,2016-09-01,Carbonate Alkalinity,mg/L,5.0,<,2018-01-01,2019-01-01,2019-01-01,CBR,Upgradient,-121.714285714286,Upgradient,5.0,5.0,0.0
22346_1_F_2016-09-01,22346_1,22346,1,F,2016-09-01,Carbonate Alkalinity,mg/L,5.0,<,2018-01-01,2019-01-01,2019-01-01,CBR,Downgradient,-121.714285714286,Downgradient,5.0,5.0,0.0
22346_1_G_2016-09-01,22346_1,22346,1,G,2016-09-01,Carbonate Alkalinity,mg/L,5.0,<,2018-01-01,2019-01-01,2019-01-01,CBR,Downgradient,-121.714285714286,Downgradient,5.0,5.0,0.0
22346_1_H_2016-09-01,22346_1,22346,1,H,2016-09-01,Carbonate Alkalinity,mg/L,5.0,<,2018-01-01,2019-01-01,2019-01-01,CBR,Downgradient,-121.714285714286,Downgradient,5.0,5.0,0.0
22346_1_J_2016-09-01,22346_1,22346,1,J,2016-09-01,Carbonate Alkalinity,mg/L,5.0,<,2018-01-01,2019-01-01,2019-01-01,CBR,Downgradient,-121.714285714286,Downgradient,5.0,5.0,0.0
22346_12_AU_2016-12-01,22346_1,22346,1,AU,2016-12-01,Carbonate Alkalinity,mg/L,5.0,<,2018-01-01,2019-01-01,2019-01-01,CBR,Upgradient,-108.714285714286,Upgradient,5.0,5.0,0.0
22346_12_BU_2016-12-01,22346_1,22346,1,BU,2016-12-01,Carbonate Alkalinity,mg/L,5.0,<,2018-01-01,2019-01-01,2019-01-01,CBR,Upgradient,-108.714285714286,Upgradient,5.0,5.0,0.0
22346_12_CU_2016-12-01,22346_1,22346,1,CU,2016-12-01,Carbonate Alkalinity,mg/L,5.0,<,2018-01-01,2019-01-01,2019-01-01,CBR,Upgradient,-108.714285714286,Upgradient,5.0,5.0,0.0
22346_12_DU_2016-12-01,22346_1,22346,1,DU,2016-12-01,Carbonate Alkalinity,mg/L,5.0,<,2018-01-01,2019-01-01,2019-01-01,CBR,Upgradient,-108.714285714286,Upgradient,5.0,5.0,0.0
22346_1_F_2016-12-01,22346_1,22346,1,F,2016-12-01,Carbonate Alkalinity,mg/L,5.0,<,2018-01-01,2019-01-01,2019-01-01,CBR,Downgradient,-108.714285714286,Downgradient,5.0,5.0,0.0
22346_1_G_2016-12-01,22346_1,22346,1,G,2016-12-01,Carbonate Alkalinity,mg/L,5.0,<,2018-01-01,2019-01-01,2019-01-01,CBR,Downgradient,-108.714285714286,Downgradient,5.0,5.0,0.0
22346_1_H_2016-12-01,22346_1,22346,1,H,2016-12-01,Carbonate Alkalinity,mg/L,5.0,<,2018-01-01,2019-01-01,2019-01-01,CBR,Downgradient,-108.714285714286,Downgradient,5.0,5.0,0.0
22346_1_J_2016-12-01,22346_1,22346,1,J,2016-12-01,Carbonate Alkalinity,mg/L,5.0,<,2018-01-01,2019-01-01,2019-01-01,CBR,Downgradient,-108.714285714286,Downgradient,5.0,5.0,0.0
22346_12_AU_2017-03-01,22346_1,22346,1,AU,2017-03-01,Carbonate Alkalinity,mg/L,5.0,<,2018-01-01,2019-01-01,2019-01-01,CBR,Upgradient,-95.8571428571429,Upgradient,5.0,5.0,0.0
22346_12_BU_2017-03-01,22346_1,22346,1,BU,2017-03-01,Carbonate Alkalinity,mg/L,5.0,<,2018-01-01,2019-01-01,2019-01-01,CBR,Upgradient,-95.8571428571429,Upgradient,5.0,5.0,0.0
22346_12_CU_2017-03-01,22346_1,22346,1,CU,2017-03-01,Carbonate Alkalinity,mg/L,5.0,<,2018-01-01,2019-01-01,2019-01-01,CBR,Upgradient,-95.8571428571429,Upgradient,5.0,5.0,0.0
22346_12_DU_2017-03-01,22346_1,22346,1,DU,2017-03-01,Carbonate Alkalinity,mg/L,5.0,<,2018-01-01,2019-01-01,2019-01-01,CBR,Upgradient,-95.8571428571429,Upgradient,5.0,5.0,0.0
22346_1_F_2017-03-01,22346_1,22346,1,F,2017-03-01,Carbonate Alkalinity,mg/L,5.0,<,2018-01-01,2019-01-01,2019-01-01,CBR,Downgradient,-95.8571428571429,Downgradient,5.0,5.0,0.0
22346_1_G_2017-03-01,22346_1,22346,1,G,2017-03-01,Carbonate Alkalinity,mg/L,5.0,<,2018-01-01,2019-01-01,2019-01-01,CBR,Downgradient,-95.8571428571429,Downgradient,5.0,5.0,0.0
22346_1_H_2017-03-01,22346_1,22346,1,H,2017-03-01,Carbonate Alkalinity,mg/L,5.0,<,2018-01-01,2019-01-01,2019-01-01,CBR,Downgradient,-95.8571428571429,Downgradient,5.0,5.0,0.0
22346_1_J_2017-03-01,22346_1,22346,1,J,2017-03-01,Carbonate Alkalinity,mg/L,5.0,<,2018-01-01,2019-01-01,2019-01-01,CBR,Downgradient,-95.8571428571429,Downgradient,5.0,5.0,0.0
22346_12_AU_2017-06-01,22346_1,22346,1,AU,2017-06-01,Carbonate Alkalinity,mg/L,5.0,<,2018-01-01,2019-01-01,2019-01-01,CBR,Upgradient,-82.7142857142857,Upgradient,5.0,5.0,0.0
22346_12_BU_2017-06-01,22346_1,22346,1,BU,2017-06-01,Carbonate Alkalinity,mg/L,5.0,<,2018-01-01,2019-01-01,2019-01-01,CBR,Upgradient,-82.7142857142857,Upgradient,5.0,5.0,0.0
22346_12_CU_2017-06-01,22346_1,22346,1,CU,2017-06-01,Carbonate Alkalinity,mg/L,5.0,<,2018-01-01,2019-01-01,2019-01-01,CBR,Upgradient,-82.7142857142857,Upgradient,5.0,5.0,0.0
22346_12_DU_2017-06-01,22346_1,22346,1,DU,2017-06-01,Carbonate Alkalinity,mg/L,5.0,<,2018-01-01,2019-01-01,2019-01-01,CBR,Upgradient,-82.7142857142857,Upgradient,5.0,5.0,0.0
22346_1_F_2017-06-01,22346_1,22346,1,F,2017-06-01,Carbonate Alkalinity,mg/L,5.0,<,2018-01-01,2019-01-01,2019-01-01,CBR,Downgradient,-82.7142857142857,Downgradient,5.0,5.0,0.0
22346_1_G_2017-06-01,22346_1,22346,1,G,2017-06-01,Carbonate Alkalinity,mg/L,5.0,<,2018-01-01,2019-01-01,2019-01-01,CBR,Downgradient,-82.7142857142857,Downgradient,5.0,5.0,0.0
22346_1_H_2017-06-01,22346_1,22346,1,H,2017-06-01,Carbonate Alkalinity,mg/L,5.0,<,2018-01-01,2019-01-01,2019-01-01,CBR,Downgradient,-82.7142857142857,Downgradient,5.0,5.0,0.0
22346_1_J_2017-06-01,22346_1,22346,1,J,2017-06-01,Carbonate Alkalinity,mg/L,5.0,<,2018-01-01,2019-01-01,2019-01-01,CBR,Downgradient,-82.7142857142857,Downgradient,5.0,5.0,0.0
22346_12_AU_2017-08-01,22346_1,22346,1,AU,2017-08-01,Carbonate Alkalinity,mg/L,5.0,<,2018-01-01,2019-01-01,2019-01-01,CBR,Upgradient,-74.0,Upgradient,5.0,5.0,0.0
22346_12_BU_2017-08-01,22346_1,22346,1,BU,2017-08-01,Carbonate Alkalinity,mg/L,5.0,<,2018-01-01,2019-01-01,2019-01-01,CBR,Upgradient,-74.0,Upgradient,5.0,5.0,0.0
22346_12_CU_2017-08-01,22346_1,22346,1,CU,2017-08-01,Carbonate Alkalinity,mg/L,5.0,<,2018-01-01,2019-01-01,2019-01-01,CBR,Upgradient,-74.0,Upgradient,5.0,5.0,0.0
22346_12_DU_2017-08-01,22346_1,22346,1,DU,2017-08-01,Carbonate Alkalinity,mg/L,5.0,<,2018-01-01,2019-01-01,2019-01-01,CBR,Upgradient,-74.0,Upgradient,5.0,5.0,0.0
22346_1_F_2017-08-01,22346_1,22346,1,F,2017-08-01,Carbonate Alkalinity,mg/L,5.0,<,2018-01-01,2019-01-01,2019-01-01,CBR,Downgradient,-74.0,Downgradient,5.0,5.0,0.0
22346_1_G_2017-08-01,22346_1,22346,1,G,2017-08-01,Carbonate Alkalinity,mg/L,5.0,<,2018-01-01,2019-01-01,2019-01-01,CBR,Downgradient,-74.0,Downgradient,5.0,5.0,0.0
22346_1_H_2017-08-01,22346_1,22346,1,H,2017-08-01,Carbonate Alkalinity,mg/L,5.0,<,2018-01-01,2019-01-01,2019-01-01,CBR,Downgradient,-74.0,Downgradient,5.0,5.0,0.0
22346_1_J_2017-08-01,22346_1,22346,1,J,2017-08-01,Carbonate Alkalinity,mg/L,5.0,<,2018-01-01,2019-01-01,2019-01-01,CBR,Downgradient,-74.0,Downgradient,5.0,5.0,0.0
22346_1_F_2018-08-01,22346_1,22346,1,F,2018-08-01,Carbonate Alkalinity,mg/L,5.0,<,2018-01-01,2019-01-01,2019-01-01,CBR,Downgradient,-21.8571428571429,Downgradient,5.0,5.0,0.0
22346_1_K_2018-09-01,22346_1,22346,1,K,2018-09-01,Carbonate Alkalinity,mg/L,5.0,<,2018-01-01,2019-01-01,2019-01-01,CBR,Downgradient,-17.4285714285714,Downgradient,5.0,5.0,0.0
22346_12_AU_2018-11-01,22346_1,22346,1,AU,2018-11-01,Carbonate Alkalinity,mg/L,5.0,<,2018-01-01,2019-01-01,2019-01-01,CBR,Upgradient,-8.71428571428571,Upgradient,5.0,5.0,0.0
22346_12_BU_2018-11-01,22346_1,22346,1,BU,2018-11-01,Carbonate Alkalinity,mg/L,5.0,<,2018-01-01,2019-01-01,2019-01-01,CBR,Upgradient,-8.71428571428571,Upgradient,5.0,5.0,0.0
22346_12_CU_2018-11-01,22346_1,22346,1,CU,2018-11-01,Carbonate Alkalinity,mg/L,5.0,<,2018-01-01,2019-01-01,2019-01-01,CBR,Upgradient,-8.71428571428571,Upgradient,5.0,5.0,0.0
22346_12_DU_2018-11-01,22346_1,22346,1,DU,2018-11-01,Carbonate Alkalinity,mg/L,5.0,<,2018-01-01,2019-01-01,2019-01-01,CBR,Upgradient,-8.71428571428571,Upgradient,5.0,5.0,0.0
22346_1_F_2018-11-01,22346_1,22346,1,F,2018-11-01,Carbonate Alkalinity,mg/L,5.0,<,2018-01-01,2019-01-01,2019-01-01,CBR,Downgradient,-8.71428571428571,Downgradient,5.0,5.0,0.0
22346_1_G_2018-11-01,22346_1,22346,1,G,2018-11-01,Carbonate Alkalinity,mg/L,5.0,<,2018-01-01,2019-01-01,2019-01-01,CBR,Downgradient,-8.71428571428571,Downgradient,5.0,5.0,0.0
22346_1_H_2018-11-01,22346_1,22346,1,H,2018-11-01,Carbonate Alkalinity,mg/L,5.0,<,2018-01-01,2019-01-01,2019-01-01,CBR,Downgradient,-8.71428571428571,Downgradient,5.0,5.0,0.0
22346_1_J_2018-11-01,22346_1,22346,1,J,2018-11-01,Carbonate Alkalinity,mg/L,5.0,<,2018-01-01,2019-01-01,2019-01-01,CBR,Downgradient,-8.71428571428571,Downgradient,5.0,5.0,0.0
22346_1_K_2018-11-01,22346_1,22346,1,K,2018-11-01,Carbonate Alkalinity,mg/L,5.0,<,2018-01-01,2019-01-01,2019-01-01,CBR,Downgradient,-8.71428571428571,Downgradient,5.0,5.0,0.0
22346_1_F_2019-03-01,22346_1,22346,1,F,2019-03-01,Carbonate Alkalinity,mg/L,5.0,<,2018-01-01,2019-01-01,2019-01-01,CBR,Downgradient,8.42857142857143,Downgradient,5.0,5.0,0.0
22346_1_K_2019-03-01,22346_1,22346,1,K,2019-03-01,Carbonate Alkalinity,mg/L,5.0,<,2018-01-01,2019-01-01,2019-01-01,CBR,Downgradient,8.42857142857143,Downgradient,5.0,5.0,0.0
22346_12_AU_2019-04-01,22346_1,22346,1,AU,2019-04-01,Carbonate Alkalinity,mg/L,5.0,<,2018-01-01,2019-01-01,2019-01-01,CBR,Upgradient,12.8571428571429,Upgradient,5.0,5.0,0.0
22346_12_BU_2019-04-01,22346_1,22346,1,BU,2019-04-01,Carbonate Alkalinity,mg/L,5.0,<,2018-01-01,2019-01-01,2019-01-01,CBR,Upgradient,12.8571428571429,Upgradient,5.0,5.0,0.0
22346_12_CU_2019-04-01,22346_1,22346,1,CU,2019-04-01,Carbonate Alkalinity,mg/L,5.0,<,2018-01-01,2019-01-01,2019-01-01,CBR,Upgradient,12.8571428571429,Upgradient,5.0,5.0,0.0
22346_12_DU_2019-04-01,22346_1,22346,1,DU,2019-04-01,Carbonate Alkalinity,mg/L,5.0,<,2018-01-01,2019-01-01,2019-01-01,CBR,Upgradient,12.8571428571429,Upgradient,5.0,5.0,0.0
22346_1_F_2019-04-01,22346_1,22346,1,F,2019-04-01,Carbonate Alkalinity,mg/L,5.0,<,2018-01-01,2019-01-01,2019-01-01,CBR,Downgradient,12.8571428571429,Downgradient,5.0,5.0,0.0
22346_1_G_2019-04-01,22346_1,22346,1,G,2019-04-01,Carbonate Alkalinity,mg/L,5.0,<,2018-01-01,2019-01-01,2019-01-01,CBR,Downgradient,12.8571428571429,Downgradient,5.0,5.0,0.0
22346_1_H_2019-04-01,22346_1,22346,1,H,2019-04-01,Carbonate Alkalinity,mg/L,5.0,<,2018-01-01,2019-01-01,2019-01-01,CBR,Downgradient,12.8571428571429,Downgradient,5.0,5.0,0.0
22346_1_J_2019-04-01,22346_1,22346,1,J,2019-04-01,Carbonate Alkalinity,mg/L,5.0,<,2018-01-01,2019-01-01,2019-01-01,CBR,Downgradient,12.8571428571429,Downgradient,5.0,5.0,0.0
22346_1_K_2019-04-01,22346_1,22346,1,K,2019-04-01,Carbonate Alkalinity,mg/L,5.0,<,2018-01-01,2019-01-01,2019-01-01,CBR,Downgradient,12.8571428571429,Downgradient,5.0,5.0,0.0
22346_1_F_2019-08-01,22346_1,22346,1,F,2019-08-01,Carbonate Alkalinity,mg/L,5.0,<,2018-01-01,2019-01-01,2019-01-01,CBR,Downgradient,30.2857142857143,Downgradient,5.0,5.0,0.0
22346_1_K_2019-08-01,22346_1,22346,1,K,2019-08-01,Carbonate Alkalinity,mg/L,5.0,<,2018-01-01,2019-01-01,2019-01-01,CBR,Downgradient,30.2857142857143,Downgradient,5.0,5.0,0.0
22346_1_F_2019-10-01,22346_1,22346,1,F,2019-10-01,Carbonate Alkalinity,mg/L,5.0,<,2018-01-01,2019-01-01,2019-01-01,CBR,Downgradient,39.0,Downgradient,5.0,5.0,0.0
22346_1_G_2019-10-01,22346_1,22346,1,G,2019-10-01,Carbonate Alkalinity,mg/L,5.0,<,2018-01-01,2019-01-01,2019-01-01,CBR,Downgradient,39.0,Downgradient,5.0,5.0,0.0
22346_1_H_2019-10-01,22346_1,22346,1,H,2019-10-01,Carbonate Alkalinity,mg/L,5.0,<,2018-01-01,2019-01-01,2019-01-01,CBR,Downgradient,39.0,Downgradient,5.0,5.0,0.0
22346_1_J_2019-10-01,22346_1,22346,1,J,2019-10-01,Carbonate Alkalinity,mg/L,5.0,<,2018-01-01,2019-01-01,2019-01-01,CBR,Downgradient,39.0,Downgradient,5.0,5.0,0.0
22346_1_K_2019-10-01,22346_1,22346,1,K,2019-10-01,Carbonate Alkalinity,mg/L,5.0,<,2018-01-01,2019-01-01,2019-01-01,CBR,Downgradient,39.0,Downgradient,5.0,5.0,0.0
22346_1_F_2020-03-01,22346_1,22346,1,F,2020-03-01,Carbonate Alkalinity,mg/L,5.0,<,2018-01-01,2019-01-01,2019-01-01,CBR,Downgradient,60.7142857142857,Downgradient,5.0,5.0,0.0
22346_1_K_2020-03-01,22346_1,22346,1,K,2020-03-01,Carbonate Alkalinity,mg/L,5.0,<,2018-01-01,2019-01-01,2019-01-01,CBR,Downgradient,60.7142857142857,Downgradient,5.0,5.0,0.0
22346_1_F_2020-05-01,22346_1,22346,1,F,2020-05-01,Carbonate Alkalinity,mg/L,5.0,<,2018-01-01,2019-01-01,2019-01-01,CBR,Downgradient,69.4285714285714,Downgradient,5.0,5.0,0.0
22346_1_J_2020-05-01,22346_1,22346,1,J,2020-05-01,Carbonate Alkalinity,mg/L,5.0,<,2018-01-01,2019-01-01,2019-01-01,CBR,Downgradient,69.4285714285714,Downgradient,5.0,5.0,0.0
22346_1_K_2020-05-01,22346_1,22346,1,K,2020-05-01,Carbonate Alkalinity,mg/L,5.0,<,2018-01-01,2019-01-01,2019-01-01,CBR,Downgradient,69.4285714285714,Downgradient,5.0,5.0,0.0
22346_1_F_2020-08-01,22346_1,22346,1,F,2020-08-01,Carbonate Alkalinity,mg/L,5.0,<,2018-01-01,2019-01-01,2019-01-01,CBR,Downgradient,82.5714285714286,Downgradient,5.0,5.0,0.0
22346_1_J_2020-08-01,22346_1,22346,1,J,2020-08-01,Carbonate Alkalinity,mg/L,5.0,<,2018-01-01,2019-01-01,2019-01-01,CBR,Downgradient,82.5714285714286,Downgradient,5.0,5.0,0.0
22346_1_K_2020-08-01,22346_1,22346,1,K,2020-08-01,Carbonate Alkalinity,mg/L,5.0,<,2018-01-01,2019-01-01,2019-01-01,CBR,Downgradient,82.5714285714286,Downgradient,5.0,5.0,0.0
22346_1_F_2020-10-01,22346_1,22346,1,F,2020-10-01,Carbonate Alkalinity,mg/L,5.0,<,2018-01-01,2019-01-01,2019-01-01,CBR,Downgradient,91.2857142857143,Downgradient,5.0,5.0,0.0
22346_1_K_2020-10-01,22346_1,22346,1,K,2020-10-01,Carbonate Alkalinity,mg/L,5.0,<,2018-01-01,2019-01-01,2019-01-01,CBR,Downgradient,91.2857142857143,Downgradient,5.0,5.0,0.0
22346_1_F_2021-03-01,22346_1,22346,1,F,2021-03-01,Carbonate Alkalinity,mg/L,5.0,<,2018-01-01,2019-01-01,2019-01-01,CBR,Downgradient,112.857142857143,Downgradient,5.0,5.0,0.0
22346_1_G_2021-03-01,22346_1,22346,1,G,2021-03-01,Carbonate Alkalinity,mg/L,5.0,<,2018-01-01,2019-01-01,2019-01-01,CBR,Downgradient,112.857142857143,Downgradient,5.0,5.0,0.0
22346_1_H_2021-03-01,22346_1,22346,1,H,2021-03-01,Carbonate Alkalinity,mg/L,5.0,<,2018-01-01,2019-01-01,2019-01-01,CBR,Downgradient,112.857142857143,Downgradient,5.0,5.0,0.0
22346_1_J_2021-03-01,22346_1,22346,1,J,2021-03-01,Carbonate Alkalinity,mg/L,5.0,<,2018-01-01,2019-01-01,2019-01-01,CBR,Downgradient,112.857142857143,Downgradient,5.0,5.0,0.0
22346_1_K_2021-03-01,22346_1,22346,1,K,2021-03-01,Carbonate Alkalinity,mg/L,5.0,<,2018-01-01,2019-01-01,2019-01-01,CBR,Downgradient,112.857142857143,Downgradient,5.0,5.0,0.0
22346_12_AU_2021-05-01,22346_1,22346,1,AU,2021-05-01,Carbonate Alkalinity,mg/L,5.0,<,2018-01-01,2019-01-01,2019-01-01,CBR,Upgradient,121.571428571429,Upgradient,5.0,5.0,0.0
22346_12_BU_2021-05-01,22346_1,22346,1,BU,2021-05-01,Carbonate Alkalinity,mg/L,5.0,<,2018-01-01,2019-01-01,2019-01-01,CBR,Upgradient,121.571428571429,Upgradient,5.0,5.0,0.0
22346_12_CU_2021-05-01,22346_1,22346,1,CU,2021-05-01,Carbonate Alkalinity,mg/L,5.0,<,2018-01-01,2019-01-01,2019-01-01,CBR,Upgradient,121.571428571429,Upgradient,5.0,5.0,0.0
22346_12_DU_2021-05-01,22346_1,22346,1,DU,2021-05-01,Carbonate Alkalinity,mg/L,5.0,<,2018-01-01,2019-01-01,2019-01-01,CBR,Upgradient,121.571428571429,Upgradient,5.0,5.0,0.0
22346_1_F_2021-05-01,22346_1,22346,1,F,2021-05-01,Carbonate Alkalinity,mg/L,5.0,<,2018-01-01,2019-01-01,2019-01-01,CBR,Downgradient,121.571428571429,Downgradient,5.0,5.0,0.0
22346_1_G_2021-05-01,22346_1,22346,1,G,2021-05-01,Carbonate Alkalinity,mg/L,5.0,<,2018-01-01,2019-01-01,2019-01-01,CBR,Downgradient,121.571428571429,Downgradient,5.0,5.0,0.0
22346_1_H_2021-05-01,22346_1,22346,1,H,2021-05-01,Carbonate Alkalinity,mg/L,5.0,<,2018-01-01,2019-01-01,2019-01-01,CBR,Downgradient,121.571428571429,Downgradient,5.0,5.0,0.0
22346_1_J_2021-05-01,22346_1,22346,1,J,2021-05-01,Carbonate Alkalinity,mg/L,5.0,<,2018-01-01,2019-01-01,2019-01-01,CBR,Downgradient,121.571428571429,Downgradient,5.0,5.0,0.0
22346_1_K_2021-05-01,22346_1,22346,1,K,2021-05-01,Carbonate Alkalinity,mg/L,5.0,<,2018-01-01,2019-01-01,2019-01-01,CBR,Downgradient,121.571428571429,Downgradient,5.0,5.0,0.0
22346_12_AU_2021-10-01,22346_1,22346,1,AU,2021-10-01,Carbonate Alkalinity,mg/L,5.0,<,2018-01-01,2019-01-01,2019-01-01,CBR,Upgradient,143.428571428571,Upgradient,5.0,5.0,0.0
22346_12_BU_2021-10-01,22346_1,22346,1,BU,2021-10-01,Carbonate Alkalinity,mg/L,5.0,<,2018-01-01,2019-01-01,2019-01-01,CBR,Upgradient,143.428571428571,Upgradient,5.0,5.0,0.0
22346_12_CU_2021-10-01,22346_1,22346,1,CU,2021-10-01,Carbonate Alkalinity,mg/L,5.0,<,2018-01-01,2019-01-01,2019-01-01,CBR,Upgradient,143.428571428571,Upgradient,5.0,5.0,0.0
22346_12_DU_2021-10-01,22346_1,22346,1,DU,2021-10-01,Carbonate Alkalinity,mg/L,5.0,<,2018-01-01,2019-01-01,2019-01-01,CBR,Upgradient,143.428571428571,Upgradient,5.0,5.0,0.0
22346_1_F_2021-10-01,22346_1,22346,1,F,2021-10-01,Carbonate Alkalinity,mg/L,5.0,<,2018-01-01,2019-01-01,2019-01-01,CBR,Downgradient,143.428571428571,Downgradient,5.0,5.0,0.0
22346_1_G_2021-10-01,22346_1,22346,1,G,2021-10-01,Carbonate Alkalinity,mg/L,5.0,<,2018-01-01,2019-01-01,2019-01-01,CBR,Downgradient,143.428571428571,Downgradient,5.0,5.0,0.0
22346_1_H_2021-10-01,22346_1,22346,1,H,2021-10-01,Carbonate Alkalinity,mg/L,5.0,<,2018-01-01,2019-01-01,2019-01-01,CBR,Downgradient,143.428571428571,Downgradient,5.0,5.0,0.0
22346_1_J_2021-10-01,22346_1,22346,1,J,2021-10-01,Carbonate Alkalinity,mg/L,5.0,<,2018-01-01,2019-01-01,2019-01-01,CBR,Downgradient,143.428571428571,Downgradient,5.0,5.0,0.0
22346_1_K_2021-10-01,22346_1,22346,1,K,2021-10-01,Carbonate Alkalinity,mg/L,5.0,<,2018-01-01,2019-01-01,2019-01-01,CBR,Downgradient,143.428571428571,Downgradient,5.0,5.0,0.0
22346_1_F_2022-03-01,22346_1,22346,1,F,2022-03-01,Carbonate Alkalinity,mg/L,5.0,<,2018-01-01,2019-01-01,2019-01-01,CBR,Downgradient,165.0,Downgradient,5.0,5.0,0.0
22346_1_G_2022-03-01,22346_1,22346,1,G,2022-03-01,Carbonate Alkalinity,mg/L,5.0,<,2018-01-01,2019-01-01,2019-01-01,CBR,Downgradient,165.0,Downgradient,5.0,5.0,0.0
22346_1_H_2022-03-01,22346_1,22346,1,H,2022-03-01,Carbonate Alkalinity,mg/L,5.0,<,2018-01-01,2019-01-01,2019-01-01,CBR,Downgradient,165.0,Downgradient,5.0,5.0,0.0
22346_1_J_2022-03-01,22346_1,22346,1,J,2022-03-01,Carbonate Alkalinity,mg/L,5.0,<,2018-01-01,2019-01-01,2019-01-01,CBR,Downgradient,165.0,Downgradient,5.0,5.0,0.0
22346_1_K_2022-03-01,22346_1,22346,1,K,2022-03-01,Carbonate Alkalinity,mg/L,5.0,<,2018-01-01,2019-01-01,2019-01-01,CBR,Downgradient,165.0,Downgradient,5.0,5.0,0.0
22346_1_F_2022-05-01,22346_1,22346,1,F,2022-05-01,Carbonate Alkalinity,mg/L,5.0,<,2018-01-01,2019-01-01,2019-01-01,CBR,Downgradient,173.714285714286,Downgradient,5.0,5.0,0.0
22346_1_G_2022-05-01,22346_1,22346,1,G,2022-05-01,Carbonate Alkalinity,mg/L,5.0,<,2018-01-01,2019-01-01,2019-01-01,CBR,Downgradient,173.714285714286,Downgradient,5.0,5.0,0.0
22346_1_H_2022-05-01,22346_1,22346,1,H,2022-05-01,Carbonate Alkalinity,mg/L,5.0,<,2018-01-01,2019-01-01,2019-01-01,CBR,Downgradient,173.714285714286,Downgradient,5.0,5.0,0.0
22346_1_J_2022-05-01,22346_1,22346,1,J,2022-05-01,Carbonate Alkalinity,mg/L,5.0,<,2018-01-01,2019-01-01,2019-01-01,CBR,Downgradient,173.714285714286,Downgradient,5.0,5.0,0.0
22346_1_K_2022-05-01,22346_1,22346,1,K,2022-05-01,Carbonate Alkalinity,mg/L,5.0,<,2018-01-01,2019-01-01,2019-01-01,CBR,Downgradient,173.714285714286,Downgradient,5.0,5.0,0.0
22346_2_A_2015-12-01,22346_2,22346,2,A,2015-12-01,Carbonate Alkalinity,mg/L,5.0,<,2016-01-01,2019-01-01,2020-01-01,CBR,Sidegradient,-213.142857142857,Downgradient,5.0,5.0,0.0
22346_12_AU_2015-12-01,22346_2,22346,2,AU,2015-12-01,Carbonate Alkalinity,mg/L,5.0,<,2016-01-01,2019-01-01,2020-01-01,CBR,Upgradient,-213.142857142857,Upgradient,5.0,5.0,0.0
22346_2_B_2015-12-01,22346_2,22346,2,B,2015-12-01,Carbonate Alkalinity,mg/L,5.0,<,2016-01-01,2019-01-01,2020-01-01,CBR,Sidegradient,-213.142857142857,Downgradient,5.0,5.0,0.0
22346_12_BU_2015-12-01,22346_2,22346,2,BU,2015-12-01,Carbonate Alkalinity,mg/L,5.0,<,2016-01-01,2019-01-01,2020-01-01,CBR,Upgradient,-213.142857142857,Upgradient,5.0,5.0,0.0
22346_2_C_2015-12-01,22346_2,22346,2,C,2015-12-01,Carbonate Alkalinity,mg/L,5.0,<,2016-01-01,2019-01-01,2020-01-01,CBR,Downgradient,-213.142857142857,Downgradient,5.0,5.0,0.0
22346_12_CU_2015-12-01,22346_2,22346,2,CU,2015-12-01,Carbonate Alkalinity,mg/L,5.0,<,2016-01-01,2019-01-01,2020-01-01,CBR,Upgradient,-213.142857142857,Upgradient,5.0,5.0,0.0
22346_2_D_2015-12-01,22346_2,22346,2,D,2015-12-01,Carbonate Alkalinity,mg/L,5.0,<,2016-01-01,2019-01-01,2020-01-01,CBR,Sidegradient,-213.142857142857,Downgradient,5.0,5.0,0.0
22346_12_DU_2015-12-01,22346_2,22346,2,DU,2015-12-01,Carbonate Alkalinity,mg/L,5.0,<,2016-01-01,2019-01-01,2020-01-01,CBR,Upgradient,-213.142857142857,Upgradient,5.0,5.0,0.0
22346_2_A_2016-04-01,22346_2,22346,2,A,2016-04-01,Carbonate Alkalinity,mg/L,5.0,<,2016-01-01,2019-01-01,2020-01-01,CBR,Sidegradient,-195.714285714286,Downgradient,5.0,5.0,0.0
22346_12_AU_2016-04-01,22346_2,22346,2,AU,2016-04-01,Carbonate Alkalinity,mg/L,5.0,<,2016-01-01,2019-01-01,2020-01-01,CBR,Upgradient,-195.714285714286,Upgradient,5.0,5.0,0.0
22346_2_B_2016-04-01,22346_2,22346,2,B,2016-04-01,Carbonate Alkalinity,mg/L,5.0,<,2016-01-01,2019-01-01,2020-01-01,CBR,Sidegradient,-195.714285714286,Downgradient,5.0,5.0,0.0
22346_12_BU_2016-04-01,22346_2,22346,2,BU,2016-04-01,Carbonate Alkalinity,mg/L,5.0,<,2016-01-01,2019-01-01,2020-01-01,CBR,Upgradient,-195.714285714286,Upgradient,5.0,5.0,0.0
22346_2_C_2016-04-01,22346_2,22346,2,C,2016-04-01,Carbonate Alkalinity,mg/L,5.0,<,2016-01-01,2019-01-01,2020-01-01,CBR,Downgradient,-195.714285714286,Downgradient,5.0,5.0,0.0
22346_12_CU_2016-04-01,22346_2,22346,2,CU,2016-04-01,Carbonate Alkalinity,mg/L,5.0,<,2016-01-01,2019-01-01,2020-01-01,CBR,Upgradient,-195.714285714286,Upgradient,5.0,5.0,0.0
22346_2_D_2016-04-01,22346_2,22346,2,D,2016-04-01,Carbonate Alkalinity,mg/L,5.0,<,2016-01-01,2019-01-01,2020-01-01,CBR,Sidegradient,-195.714285714286,Downgradient,5.0,5.0,0.0
22346_12_DU_2016-04-01,22346_2,22346,2,DU,2016-04-01,Carbonate Alkalinity,mg/L,5.0,<,2016-01-01,2019-01-01,2020-01-01,CBR,Upgradient,-195.714285714286,Upgradient,5.0,5.0,0.0
22346_2_A_2016-06-01,22346_2,22346,2,A,2016-06-01,Carbonate Alkalinity,mg/L,5.0,<,2016-01-01,2019-01-01,2020-01-01,CBR,Sidegradient,-187.0,Downgradient,5.0,5.0,0.0
22346_12_AU_2016-06-01,22346_2,22346,2,AU,2016-06-01,Carbonate Alkalinity,mg/L,5.0,<,2016-01-01,2019-01-01,2020-01-01,CBR,Upgradient,-187.0,Upgradient,5.0,5.0,0.0
22346_2_B_2016-06-01,22346_2,22346,2,B,2016-06-01,Carbonate Alkalinity,mg/L,5.0,<,2016-01-01,2019-01-01,2020-01-01,CBR,Sidegradient,-187.0,Downgradient,5.0,5.0,0.0
22346_12_BU_2016-06-01,22346_2,22346,2,BU,2016-06-01,Carbonate Alkalinity,mg/L,5.0,<,2016-01-01,2019-01-01,2020-01-01,CBR,Upgradient,-187.0,Upgradient,5.0,5.0,0.0
22346_2_C_2016-06-01,22346_2,22346,2,C,2016-06-01,Carbonate Alkalinity,mg/L,5.0,<,2016-01-01,2019-01-01,2020-01-01,CBR,Downgradient,-187.0,Downgradient,5.0,5.0,0.0
22346_12_CU_2016-06-01,22346_2,22346,2,CU,2016-06-01,Carbonate Alkalinity,mg/L,5.0,<,2016-01-01,2019-01-01,2020-01-01,CBR,Upgradient,-187.0,Upgradient,5.0,5.0,0.0
22346_2_D_2016-06-01,22346_2,22346,2,D,2016-06-01,Carbonate Alkalinity,mg/L,5.0,<,2016-01-01,2019-01-01,2020-01-01,CBR,Sidegradient,-187.0,Downgradient,5.0,5.0,0.0
22346_12_DU_2016-06-01,22346_2,22346,2,DU,2016-06-01,Carbonate Alkalinity,mg/L,5.0,<,2016-01-01,2019-01-01,2020-01-01,CBR,Upgradient,-187.0,Upgradient,5.0,5.0,0.0
22346_2_A_2016-09-01,22346_2,22346,2,A,2016-09-01,Carbonate Alkalinity,mg/L,5.0,<,2016-01-01,2019-01-01,2020-01-01,CBR,Sidegradient,-173.857142857143,Downgradient,5.0,5.0,0.0
22346_12_AU_2016-09-01,22346_2,22346,2,AU,2016-09-01,Carbonate Alkalinity,mg/L,5.0,<,2016-01-01,2019-01-01,2020-01-01,CBR,Upgradient,-173.857142857143,Upgradient,5.0,5.0,0.0
22346_2_B_2016-09-01,22346_2,22346,2,B,2016-09-01,Carbonate Alkalinity,mg/L,5.0,<,2016-01-01,2019-01-01,2020-01-01,CBR,Sidegradient,-173.857142857143,Downgradient,5.0,5.0,0.0
22346_12_BU_2016-09-01,22346_2,22346,2,BU,2016-09-01,Carbonate Alkalinity,mg/L,5.0,<,2016-01-01,2019-01-01,2020-01-01,CBR,Upgradient,-173.857142857143,Upgradient,5.0,5.0,0.0
22346_2_C_2016-09-01,22346_2,22346,2,C,2016-09-01,Carbonate Alkalinity,mg/L,5.0,<,2016-01-01,2019-01-01,2020-01-01,CBR,Downgradient,-173.857142857143,Downgradient,5.0,5.0,0.0
22346_12_CU_2016-09-01,22346_2,22346,2,CU,2016-09-01,Carbonate Alkalinity,mg/L,5.0,<,2016-01-01,2019-01-01,2020-01-01,CBR,Upgradient,-173.857142857143,Upgradient,5.0,5.0,0.0
22346_2_D_2016-09-01,22346_2,22346,2,D,2016-09-01,Carbonate Alkalinity,mg/L,5.0,<,2016-01-01,2019-01-01,2020-01-01,CBR,Sidegradient,-173.857142857143,Downgradient,5.0,5.0,0.0
22346_12_DU_2016-09-01,22346_2,22346,2,DU,2016-09-01,Carbonate Alkalinity,mg/L,5.0,<,2016-01-01,2019-01-01,2020-01-01,CBR,Upgradient,-173.857142857143,Upgradient,5.0,5.0,0.0
22346_2_A_2016-12-01,22346_2,22346,2,A,2016-12-01,Carbonate Alkalinity,mg/L,5.0,<,2016-01-01,2019-01-01,2020-01-01,CBR,Sidegradient,-160.857142857143,Downgradient,5.0,5.0,0.0
22346_12_AU_2016-12-01,22346_2,22346,2,AU,2016-12-01,Carbonate Alkalinity,mg/L,5.0,<,2016-01-01,2019-01-01,2020-01-01,CBR,Upgradient,-160.857142857143,Upgradient,5.0,5.0,0.0
22346_2_B_2016-12-01,22346_2,22346,2,B,2016-12-01,Carbonate Alkalinity,mg/L,5.0,<,2016-01-01,2019-01-01,2020-01-01,CBR,Sidegradient,-160.857142857143,Downgradient,5.0,5.0,0.0
22346_12_BU_2016-12-01,22346_2,22346,2,BU,2016-12-01,Carbonate Alkalinity,mg/L,5.0,<,2016-01-01,2019-01-01,2020-01-01,CBR,Upgradient,-160.857142857143,Upgradient,5.0,5.0,0.0
22346_2_C_2016-12-01,22346_2,22346,2,C,2016-12-01,Carbonate Alkalinity,mg/L,5.0,<,2016-01-01,2019-01-01,2020-01-01,CBR,Downgradient,-160.857142857143,Downgradient,5.0,5.0,0.0
22346_12_CU_2016-12-01,22346_2,22346,2,CU,2016-12-01,Carbonate Alkalinity,mg/L,5.0,<,2016-01-01,2019-01-01,2020-01-01,CBR,Upgradient,-160.857142857143,Upgradient,5.0,5.0,0.0
22346_2_D_2016-12-01,22346_2,22346,2,D,2016-12-01,Carbonate Alkalinity,mg/L,5.0,<,2016-01-01,2019-01-01,2020-01-01,CBR,Sidegradient,-160.857142857143,Downgradient,5.0,5.0,0.0
22346_12_DU_2016-12-01,22346_2,22346,2,DU,2016-12-01,Carbonate Alkalinity,mg/L,5.0,<,2016-01-01,2019-01-01,2020-01-01,CBR,Upgradient,-160.857142857143,Upgradient,5.0,5.0,0.0
22346_2_A_2017-03-01,22346_2,22346,2,A,2017-03-01,Carbonate Alkalinity,mg/L,5.0,<,2016-01-01,2019-01-01,2020-01-01,CBR,Sidegradient,-148.0,Downgradient,5.0,5.0,0.0
22346_12_AU_2017-03-01,22346_2,22346,2,AU,2017-03-01,Carbonate Alkalinity,mg/L,5.0,<,2016-01-01,2019-01-01,2020-01-01,CBR,Upgradient,-148.0,Upgradient,5.0,5.0,0.0
22346_2_B_2017-03-01,22346_2,22346,2,B,2017-03-01,Carbonate Alkalinity,mg/L,5.0,<,2016-01-01,2019-01-01,2020-01-01,CBR,Sidegradient,-148.0,Downgradient,5.0,5.0,0.0
22346_12_BU_2017-03-01,22346_2,22346,2,BU,2017-03-01,Carbonate Alkalinity,mg/L,5.0,<,2016-01-01,2019-01-01,2020-01-01,CBR,Upgradient,-148.0,Upgradient,5.0,5.0,0.0
22346_2_C_2017-03-01,22346_2,22346,2,C,2017-03-01,Carbonate Alkalinity,mg/L,5.0,<,2016-01-01,2019-01-01,2020-01-01,CBR,Downgradient,-148.0,Downgradient,5.0,5.0,0.0
22346_12_CU_2017-03-01,22346_2,22346,2,CU,2017-03-01,Carbonate Alkalinity,mg/L,5.0,<,2016-01-01,2019-01-01,2020-01-01,CBR,Upgradient,-148.0,Upgradient,5.0,5.0,0.0
22346_2_D_2017-03-01,22346_2,22346,2,D,2017-03-01,Carbonate Alkalinity,mg/L,5.0,<,2016-01-01,2019-01-01,2020-01-01,CBR,Sidegradient,-148.0,Downgradient,5.0,5.0,0.0
22346_12_DU_2017-03-01,22346_2,22346,2,DU,2017-03-01,Carbonate Alkalinity,mg/L,5.0,<,2016-01-01,2019-01-01,2020-01-01,CBR,Upgradient,-148.0,Upgradient,5.0,5.0,0.0
22346_2_A_2017-06-01,22346_2,22346,2,A,2017-06-01,Carbonate Alkalinity,mg/L,5.0,<,2016-01-01,2019-01-01,2020-01-01,CBR,Sidegradient,-134.857142857143,Downgradient,5.0,5.0,0.0
22346_12_AU_2017-06-01,22346_2,22346,2,AU,2017-06-01,Carbonate Alkalinity,mg/L,5.0,<,2016-01-01,2019-01-01,2020-01-01,CBR,Upgradient,-134.857142857143,Upgradient,5.0,5.0,0.0
22346_2_B_2017-06-01,22346_2,22346,2,B,2017-06-01,Carbonate Alkalinity,mg/L,5.0,<,2016-01-01,2019-01-01,2020-01-01,CBR,Sidegradient,-134.857142857143,Downgradient,5.0,5.0,0.0
22346_12_BU_2017-06-01,22346_2,22346,2,BU,2017-06-01,Carbonate Alkalinity,mg/L,5.0,<,2016-01-01,2019-01-01,2020-01-01,CBR,Upgradient,-134.857142857143,Upgradient,5.0,5.0,0.0
22346_2_C_2017-06-01,22346_2,22346,2,C,2017-06-01,Carbonate Alkalinity,mg/L,5.0,<,2016-01-01,2019-01-01,2020-01-01,CBR,Downgradient,-134.857142857143,Downgradient,5.0,5.0,0.0
22346_12_CU_2017-06-01,22346_2,22346,2,CU,2017-06-01,Carbonate Alkalinity,mg/L,5.0,<,2016-01-01,2019-01-01,2020-01-01,CBR,Upgradient,-134.857142857143,Upgradient,5.0,5.0,0.0
22346_2_D_2017-06-01,22346_2,22346,2,D,2017-06-01,Carbonate Alkalinity,mg/L,5.0,<,2016-01-01,2019-01-01,2020-01-01,CBR,Sidegradient,-134.857142857143,Downgradient,5.0,5.0,0.0
22346_12_DU_2017-06-01,22346_2,22346,2,DU,2017-06-01,Carbonate Alkalinity,mg/L,5.0,<,2016-01-01,2019-01-01,2020-01-01,CBR,Upgradient,-134.857142857143,Upgradient,5.0,5.0,0.0
22346_2_A_2017-08-01,22346_2,22346,2,A,2017-08-01,Carbonate Alkalinity,mg/L,5.0,<,2016-01-01,2019-01-01,2020-01-01,CBR,Sidegradient,-126.142857142857,Downgradient,5.0,5.0,0.0
22346_12_AU_2017-08-01,22346_2,22346,2,AU,2017-08-01,Carbonate Alkalinity,mg/L,5.0,<,2016-01-01,2019-01-01,2020-01-01,CBR,Upgradient,-126.142857142857,Upgradient,5.0,5.0,0.0
22346_2_B_2017-08-01,22346_2,22346,2,B,2017-08-01,Carbonate Alkalinity,mg/L,5.0,<,2016-01-01,2019-01-01,2020-01-01,CBR,Sidegradient,-126.142857142857,Downgradient,5.0,5.0,0.0
22346_12_BU_2017-08-01,22346_2,22346,2,BU,2017-08-01,Carbonate Alkalinity,mg/L,5.0,<,2016-01-01,2019-01-01,2020-01-01,CBR,Upgradient,-126.142857142857,Upgradient,5.0,5.0,0.0
22346_2_C_2017-08-01,22346_2,22346,2,C,2017-08-01,Carbonate Alkalinity,mg/L,5.0,<,2016-01-01,2019-01-01,2020-01-01,CBR,Downgradient,-126.142857142857,Downgradient,5.0,5.0,0.0
22346_12_CU_2017-08-01,22346_2,22346,2,CU,2017-08-01,Carbonate Alkalinity,mg/L,5.0,<,2016-01-01,2019-01-01,2020-01-01,CBR,Upgradient,-126.142857142857,Upgradient,5.0,5.0,0.0
22346_2_D_2017-08-01,22346_2,22346,2,D,2017-08-01,Carbonate Alkalinity,mg/L,5.0,<,2016-01-01,2019-01-01,2020-01-01,CBR,Sidegradient,-126.142857142857,Downgradient,5.0,5.0,0.0
22346_12_DU_2017-08-01,22346_2,22346,2,DU,2017-08-01,Carbonate Alkalinity,mg/L,5.0,<,2016-01-01,2019-01-01,2020-01-01,CBR,Upgradient,-126.142857142857,Upgradient,5.0,5.0,0.0
22346_2_A_2018-11-01,22346_2,22346,2,A,2018-11-01,Carbonate Alkalinity,mg/L,5.0,<,2016-01-01,2019-01-01,2020-01-01,CBR,Sidegradient,-60.8571428571429,Downgradient,5.0,5.0,0.0
22346_12_AU_2018-11-01,22346_2,22346,2,AU,2018-11-01,Carbonate Alkalinity,mg/L,5.0,<,2016-01-01,2019-01-01,2020-01-01,CBR,Upgradient,-60.8571428571429,Upgradient,5.0,5.0,0.0
22346_2_B_2018-11-01,22346_2,22346,2,B,2018-11-01,Carbonate Alkalinity,mg/L,5.0,<,2016-01-01,2019-01-01,2020-01-01,CBR,Sidegradient,-60.8571428571429,Downgradient,5.0,5.0,0.0
22346_12_BU_2018-11-01,22346_2,22346,2,BU,2018-11-01,Carbonate Alkalinity,mg/L,5.0,<,2016-01-01,2019-01-01,2020-01-01,CBR,Upgradient,-60.8571428571429,Upgradient,5.0,5.0,0.0
22346_2_C_2018-11-01,22346_2,22346,2,C,2018-11-01,Carbonate Alkalinity,mg/L,5.0,<,2016-01-01,2019-01-01,2020-01-01,CBR,Downgradient,-60.8571428571429,Downgradient,5.0,5.0,0.0
22346_12_CU_2018-11-01,22346_2,22346,2,CU,2018-11-01,Carbonate Alkalinity,mg/L,5.0,<,2016-01-01,2019-01-01,2020-01-01,CBR,Upgradient,-60.8571428571429,Upgradient,5.0,5.0,0.0
22346_2_D_2018-11-01,22346_2,22346,2,D,2018-11-01,Carbonate Alkalinity,mg/L,5.0,<,2016-01-01,2019-01-01,2020-01-01,CBR,Sidegradient,-60.8571428571429,Downgradient,5.0,5.0,0.0
22346_12_DU_2018-11-01,22346_2,22346,2,DU,2018-11-01,Carbonate Alkalinity,mg/L,5.0,<,2016-01-01,2019-01-01,2020-01-01,CBR,Upgradient,-60.8571428571429,Upgradient,5.0,5.0,0.0
22346_2_A_2019-04-01,22346_2,22346,2,A,2019-04-01,Carbonate Alkalinity,mg/L,5.0,<,2016-01-01,2019-01-01,2020-01-01,CBR,Sidegradient,-39.2857142857143,Downgradient,5.0,5.0,0.0
22346_12_AU_2019-04-01,22346_2,22346,2,AU,2019-04-01,Carbonate Alkalinity,mg/L,5.0,<,2016-01-01,2019-01-01,2020-01-01,CBR,Upgradient,-39.2857142857143,Upgradient,5.0,5.0,0.0
22346_2_B_2019-04-01,22346_2,22346,2,B,2019-04-01,Carbonate Alkalinity,mg/L,5.0,<,2016-01-01,2019-01-01,2020-01-01,CBR,Sidegradient,-39.2857142857143,Downgradient,5.0,5.0,0.0
22346_12_BU_2019-04-01,22346_2,22346,2,BU,2019-04-01,Carbonate Alkalinity,mg/L,5.0,<,2016-01-01,2019-01-01,2020-01-01,CBR,Upgradient,-39.2857142857143,Upgradient,5.0,5.0,0.0
22346_2_C_2019-04-01,22346_2,22346,2,C,2019-04-01,Carbonate Alkalinity,mg/L,5.0,<,2016-01-01,2019-01-01,2020-01-01,CBR,Downgradient,-39.2857142857143,Downgradient,5.0,5.0,0.0
22346_12_CU_2019-04-01,22346_2,22346,2,CU,2019-04-01,Carbonate Alkalinity,mg/L,5.0,<,2016-01-01,2019-01-01,2020-01-01,CBR,Upgradient,-39.2857142857143,Upgradient,5.0,5.0,0.0
22346_2_D_2019-04-01,22346_2,22346,2,D,2019-04-01,Carbonate Alkalinity,mg/L,5.0,<,2016-01-01,2019-01-01,2020-01-01,CBR,Sidegradient,-39.2857142857143,Downgradient,5.0,5.0,0.0
22346_12_DU_2019-04-01,22346_2,22346,2,DU,2019-04-01,Carbonate Alkalinity,mg/L,5.0,<,2016-01-01,2019-01-01,2020-01-01,CBR,Upgradient,-39.2857142857143,Upgradient,5.0,5.0,0.0
22346_2_A_2021-03-01,22346_2,22346,2,A,2021-03-01,Carbonate Alkalinity,mg/L,5.0,<,2016-01-01,2019-01-01,2020-01-01,CBR,Sidegradient,60.7142857142857,Downgradient,5.0,5.0,0.0
22346_2_B_2021-03-01,22346_2,22346,2,B,2021-03-01,Carbonate Alkalinity,mg/L,5.0,<,2016-01-01,2019-01-01,2020-01-01,CBR,Sidegradient,60.7142857142857,Downgradient,5.0,5.0,0.0
22346_2_C_2021-03-01,22346_2,22346,2,C,2021-03-01,Carbonate Alkalinity,mg/L,5.0,<,2016-01-01,2019-01-01,2020-01-01,CBR,Downgradient,60.7142857142857,Downgradient,5.0,5.0,0.0
22346_2_D_2021-03-01,22346_2,22346,2,D,2021-03-01,Carbonate Alkalinity,mg/L,5.0,<,2016-01-01,2019-01-01,2020-01-01,CBR,Sidegradient,60.7142857142857,Downgradient,5.0,5.0,0.0
22346_2_A_2021-05-01,22346_2,22346,2,A,2021-05-01,Carbonate Alkalinity,mg/L,5.0,<,2016-01-01,2019-01-01,2020-01-01,CBR,Sidegradient,69.4285714285714,Downgradient,5.0,5.0,0.0
22346_12_AU_2021-05-01,22346_2,22346,2,AU,2021-05-01,Carbonate Alkalinity,mg/L,5.0,<,2016-01-01,2019-01-01,2020-01-01,CBR,Upgradient,69.4285714285714,Upgradient,5.0,5.0,0.0
22346_2_B_2021-05-01,22346_2,22346,2,B,2021-05-01,Carbonate Alkalinity,mg/L,5.0,<,2016-01-01,2019-01-01,2020-01-01,CBR,Sidegradient,69.4285714285714,Downgradient,5.0,5.0,0.0
22346_12_BU_2021-05-01,22346_2,22346,2,BU,2021-05-01,Carbonate Alkalinity,mg/L,5.0,<,2016-01-01,2019-01-01,2020-01-01,CBR,Upgradient,69.4285714285714,Upgradient,5.0,5.0,0.0
22346_2_C_2021-05-01,22346_2,22346,2,C,2021-05-01,Carbonate Alkalinity,mg/L,5.0,<,2016-01-01,2019-01-01,2020-01-01,CBR,Downgradient,69.4285714285714,Downgradient,5.0,5.0,0.0
22346_12_CU_2021-05-01,22346_2,22346,2,CU,2021-05-01,Carbonate Alkalinity,mg/L,5.0,<,2016-01-01,2019-01-01,2020-01-01,CBR,Upgradient,69.4285714285714,Upgradient,5.0,5.0,0.0
22346_2_D_2021-05-01,22346_2,22346,2,D,2021-05-01,Carbonate Alkalinity,mg/L,5.0,<,2016-01-01,2019-01-01,2020-01-01,CBR,Sidegradient,69.4285714285714,Downgradient,5.0,5.0,0.0
22346_12_DU_2021-05-01,22346_2,22346,2,DU,2021-05-01,Carbonate Alkalinity,mg/L,5.0,<,2016-01-01,2019-01-01,2020-01-01,CBR,Upgradient,69.4285714285714,Upgradient,5.0,5.0,0.0
22346_2_D_2021-08-01,22346_2,22346,2,D,2021-08-01,Carbonate Alkalinity,mg/L,5.0,<,2016-01-01,2019-01-01,2020-01-01,CBR,Sidegradient,82.5714285714286,Downgradient,5.0,5.0,0.0
22346_2_A_2021-10-01,22346_2,22346,2,A,2021-10-01,Carbonate Alkalinity,mg/L,5.0,<,2016-01-01,2019-01-01,2020-01-01,CBR,Sidegradient,91.2857142857143,Downgradient,5.0,5.0,0.0
22346_12_AU_2021-10-01,22346_2,22346,2,AU,2021-10-01,Carbonate Alkalinity,mg/L,5.0,<,2016-01-01,2019-01-01,2020-01-01,CBR,Upgradient,91.2857142857143,Upgradient,5.0,5.0,0.0
22346_2_B_2021-10-01,22346_2,22346,2,B,2021-10-01,Carbonate Alkalinity,mg/L,5.0,<,2016-01-01,2019-01-01,2020-01-01,CBR,Sidegradient,91.2857142857143,Downgradient,5.0,5.0,0.0
22346_12_BU_2021-10-01,22346_2,22346,2,BU,2021-10-01,Carbonate Alkalinity,mg/L,5.0,<,2016-01-01,2019-01-01,2020-01-01,CBR,Upgradient,91.2857142857143,Upgradient,5.0,5.0,0.0
22346_2_C_2021-10-01,22346_2,22346,2,C,2021-10-01,Carbonate Alkalinity,mg/L,5.0,<,2016-01-01,2019-01-01,2020-01-01,CBR,Downgradient,91.2857142857143,Downgradient,5.0,5.0,0.0
22346_12_CU_2021-10-01,22346_2,22346,2,CU,2021-10-01,Carbonate Alkalinity,mg/L,5.0,<,2016-01-01,2019-01-01,2020-01-01,CBR,Upgradient,91.2857142857143,Upgradient,5.0,5.0,0.0
22346_2_D_2021-10-01,22346_2,22346,2,D,2021-10-01,Carbonate Alkalinity,mg/L,5.0,<,2016-01-01,2019-01-01,2020-01-01,CBR,Sidegradient,91.2857142857143,Downgradient,5.0,5.0,0.0
22346_12_DU_2021-10-01,22346_2,22346,2,DU,2021-10-01,Carbonate Alkalinity,mg/L,5.0,<,2016-01-01,2019-01-01,2020-01-01,CBR,Upgradient,91.2857142857143,Upgradient,5.0,5.0,0.0
22346_2_A_2022-03-01,22346_2,22346,2,A,2022-03-01,Carbonate Alkalinity,mg/L,5.0,<,2016-01-01,2019-01-01,2020-01-01,CBR,Sidegradient,112.857142857143,Downgradient,5.0,5.0,0.0
22346_2_B_2022-03-01,22346_2,22346,2,B,2022-03-01,Carbonate Alkalinity,mg/L,5.0,<,2016-01-01,2019-01-01,2020-01-01,CBR,Sidegradient,112.857142857143,Downgradient,5.0,5.0,0.0
22346_2_C_2022-03-01,22346_2,22346,2,C,2022-03-01,Carbonate Alkalinity,mg/L,5.0,<,2016-01-01,2019-01-01,2020-01-01,CBR,Downgradient,112.857142857143,Downgradient,5.0,5.0,0.0
22346_2_D_2022-03-01,22346_2,22346,2,D,2022-03-01,Carbonate Alkalinity,mg/L,5.0,<,2016-01-01,2019-01-01,2020-01-01,CBR,Sidegradient,112.857142857143,Downgradient,5.0,5.0,0.0
22346_2_A_2022-05-01,22346_2,22346,2,A,2022-05-01,Carbonate Alkalinity,mg/L,5.0,<,2016-01-01,2019-01-01,2020-01-01,CBR,Sidegradient,121.571428571429,Downgradient,5.0,5.0,0.0
22346_2_B_2022-05-01,22346_2,22346,2,B,2022-05-01,Carbonate Alkalinity,mg/L,5.0,<,2016-01-01,2019-01-01,2020-01-01,CBR,Sidegradient,121.571428571429,Downgradient,5.0,5.0,0.0
22346_2_C_2022-05-01,22346_2,22346,2,C,2022-05-01,Carbonate Alkalinity,mg/L,5.0,<,2016-01-01,2019-01-01,2020-01-01,CBR,Downgradient,121.571428571429,Downgradient,5.0,5.0,0.0
22346_2_D_2022-05-01,22346_2,22346,2,D,2022-05-01,Carbonate Alkalinity,mg/L,5.0,<,2016-01-01,2019-01-01,2020-01-01,CBR,Sidegradient,121.571428571429,Downgradient,5.0,5.0,0.0
22348_1_A_2015-12-01,22348_1,22348,1,A,2015-12-01,Carbonate Alkalinity,mg/L,5.0,<,2019-01-01,2018-01-01,2019-01-01,CBR,Sidegradient,-161.0,Downgradient,5.0,5.0,0.0
22348_12_AU_2015-12-01,22348_1,22348,1,AU,2015-12-01,Carbonate Alkalinity,mg/L,5.0,<,2019-01-01,2018-01-01,2019-01-01,CBR,Upgradient,-161.0,Upgradient,5.0,5.0,0.0
22348_1_B_2015-12-01,22348_1,22348,1,B,2015-12-01,Carbonate Alkalinity,mg/L,5.0,<,2019-01-01,2018-01-01,2019-01-01,CBR,Downgradient,-161.0,Downgradient,5.0,5.0,0.0
22348_12_BU_2015-12-01,22348_1,22348,1,BU,2015-12-01,Carbonate Alkalinity,mg/L,5.0,<,2019-01-01,2018-01-01,2019-01-01,CBR,Upgradient,-161.0,Upgradient,5.0,5.0,0.0
22348_1_C_2015-12-01,22348_1,22348,1,C,2015-12-01,Carbonate Alkalinity,mg/L,5.0,<,2019-01-01,2018-01-01,2019-01-01,CBR,Downgradient,-161.0,Downgradient,5.0,5.0,0.0
22348_12_CU_2015-12-01,22348_1,22348,1,CU,2015-12-01,Carbonate Alkalinity,mg/L,5.0,<,2019-01-01,2018-01-01,2019-01-01,CBR,Upgradient,-161.0,Upgradient,5.0,5.0,0.0
22348_12_DU_2015-12-01,22348_1,22348,1,DU,2015-12-01,Carbonate Alkalinity,mg/L,5.0,<,2019-01-01,2018-01-01,2019-01-01,CBR,Upgradient,-161.0,Upgradient,5.0,5.0,0.0
22348_12_EU_2015-12-01,22348_1,22348,1,EU,2015-12-01,Carbonate Alkalinity,mg/L,5.0,<,2019-01-01,2018-01-01,2019-01-01,CBR,Upgradient,-161.0,Upgradient,5.0,5.0,0.0
22348_1_F_2015-12-01,22348_1,22348,1,F,2015-12-01,Carbonate Alkalinity,mg/L,5.0,<,2019-01-01,2018-01-01,2019-01-01,CBR,Downgradient,-161.0,Downgradient,5.0,5.0,0.0
22348_12_FU_2015-12-01,22348_1,22348,1,FU,2015-12-01,Carbonate Alkalinity,mg/L,5.0,<,2019-01-01,2018-01-01,2019-01-01,CBR,Upgradient,-161.0,Upgradient,5.0,5.0,0.0
22348_1_A_2016-03-01,22348_1,22348,1,A,2016-03-01,Carbonate Alkalinity,mg/L,5.0,<,2019-01-01,2018-01-01,2019-01-01,CBR,Sidegradient,-148.0,Downgradient,5.0,5.0,0.0
22348_12_AU_2016-03-01,22348_1,22348,1,AU,2016-03-01,Carbonate Alkalinity,mg/L,5.0,<,2019-01-01,2018-01-01,2019-01-01,CBR,Upgradient,-148.0,Upgradient,5.0,5.0,0.0
22348_1_B_2016-03-01,22348_1,22348,1,B,2016-03-01,Carbonate Alkalinity,mg/L,5.0,<,2019-01-01,2018-01-01,2019-01-01,CBR,Downgradient,-148.0,Downgradient,5.0,5.0,0.0
22348_12_BU_2016-03-01,22348_1,22348,1,BU,2016-03-01,Carbonate Alkalinity,mg/L,5.0,<,2019-01-01,2018-01-01,2019-01-01,CBR,Upgradient,-148.0,Upgradient,5.0,5.0,0.0
22348_1_C_2016-03-01,22348_1,22348,1,C,2016-03-01,Carbonate Alkalinity,mg/L,12.0,Detected,2019-01-01,2018-01-01,2019-01-01,CBR,Downgradient,-148.0,Downgradient,5.0,5.0,0.0
22348_12_CU_2016-03-01,22348_1,22348,1,CU,2016-03-01,Carbonate Alkalinity,mg/L,5.0,<,2019-01-01,2018-01-01,2019-01-01,CBR,Upgradient,-148.0,Upgradient,5.0,5.0,0.0
22348_12_DU_2016-03-01,22348_1,22348,1,DU,2016-03-01,Carbonate Alkalinity,mg/L,5.0,<,2019-01-01,2018-01-01,2019-01-01,CBR,Upgradient,-148.0,Upgradient,5.0,5.0,0.0
22348_12_EU_2016-03-01,22348_1,22348,1,EU,2016-03-01,Carbonate Alkalinity,mg/L,5.0,<,2019-01-01,2018-01-01,2019-01-01,CBR,Upgradient,-148.0,Upgradient,5.0,5.0,0.0
22348_1_F_2016-03-01,22348_1,22348,1,F,2016-03-01,Carbonate Alkalinity,mg/L,5.0,<,2019-01-01,2018-01-01,2019-01-01,CBR,Downgradient,-148.0,Downgradient,5.0,5.0,0.0
22348_12_FU_2016-03-01,22348_1,22348,1,FU,2016-03-01,Carbonate Alkalinity,mg/L,5.0,<,2019-01-01,2018-01-01,2019-01-01,CBR,Upgradient,-148.0,Upgradient,5.0,5.0,0.0
22348_1_A_2016-07-01,22348_1,22348,1,A,2016-07-01,Carbonate Alkalinity,mg/L,5.0,<,2019-01-01,2018-01-01,2019-01-01,CBR,Sidegradient,-130.571428571429,Downgradient,5.0,5.0,0.0
22348_12_AU_2016-07-01,22348_1,22348,1,AU,2016-07-01,Carbonate Alkalinity,mg/L,5.0,<,2019-01-01,2018-01-01,2019-01-01,CBR,Upgradient,-130.571428571429,Upgradient,5.0,5.0,0.0
22348_1_B_2016-07-01,22348_1,22348,1,B,2016-07-01,Carbonate Alkalinity,mg/L,5.0,<,2019-01-01,2018-01-01,2019-01-01,CBR,Downgradient,-130.571428571429,Downgradient,5.0,5.0,0.0
22348_12_BU_2016-07-01,22348_1,22348,1,BU,2016-07-01,Carbonate Alkalinity,mg/L,5.0,<,2019-01-01,2018-01-01,2019-01-01,CBR,Upgradient,-130.571428571429,Upgradient,5.0,5.0,0.0
22348_1_C_2016-07-01,22348_1,22348,1,C,2016-07-01,Carbonate Alkalinity,mg/L,18.4,Detected,2019-01-01,2018-01-01,2019-01-01,CBR,Downgradient,-130.571428571429,Downgradient,5.0,5.0,0.0
22348_12_CU_2016-07-01,22348_1,22348,1,CU,2016-07-01,Carbonate Alkalinity,mg/L,5.0,<,2019-01-01,2018-01-01,2019-01-01,CBR,Upgradient,-130.571428571429,Upgradient,5.0,5.0,0.0
22348_12_DU_2016-07-01,22348_1,22348,1,DU,2016-07-01,Carbonate Alkalinity,mg/L,5.0,<,2019-01-01,2018-01-01,2019-01-01,CBR,Upgradient,-130.571428571429,Upgradient,5.0,5.0,0.0
22348_12_EU_2016-07-01,22348_1,22348,1,EU,2016-07-01,Carbonate Alkalinity,mg/L,5.0,<,2019-01-01,2018-01-01,2019-01-01,CBR,Upgradient,-130.571428571429,Upgradient,5.0,5.0,0.0
22348_1_F_2016-07-01,22348_1,22348,1,F,2016-07-01,Carbonate Alkalinity,mg/L,5.0,<,2019-01-01,2018-01-01,2019-01-01,CBR,Downgradient,-130.571428571429,Downgradient,5.0,5.0,0.0
22348_12_FU_2016-07-01,22348_1,22348,1,FU,2016-07-01,Carbonate Alkalinity,mg/L,5.0,<,2019-01-01,2018-01-01,2019-01-01,CBR,Upgradient,-130.571428571429,Upgradient,5.0,5.0,0.0
22348_1_A_2016-09-01,22348_1,22348,1,A,2016-09-01,Carbonate Alkalinity,mg/L,5.0,<,2019-01-01,2018-01-01,2019-01-01,CBR,Sidegradient,-121.714285714286,Downgradient,5.0,5.0,0.0
22348_12_AU_2016-09-01,22348_1,22348,1,AU,2016-09-01,Carbonate Alkalinity,mg/L,5.0,<,2019-01-01,2018-01-01,2019-01-01,CBR,Upgradient,-121.714285714286,Upgradient,5.0,5.0,0.0
22348_1_B_2016-09-01,22348_1,22348,1,B,2016-09-01,Carbonate Alkalinity,mg/L,5.0,<,2019-01-01,2018-01-01,2019-01-01,CBR,Downgradient,-121.714285714286,Downgradient,5.0,5.0,0.0
22348_12_BU_2016-09-01,22348_1,22348,1,BU,2016-09-01,Carbonate Alkalinity,mg/L,5.0,<,2019-01-01,2018-01-01,2019-01-01,CBR,Upgradient,-121.714285714286,Upgradient,5.0,5.0,0.0
22348_1_C_2016-09-01,22348_1,22348,1,C,2016-09-01,Carbonate Alkalinity,mg/L,18.2,Detected,2019-01-01,2018-01-01,2019-01-01,CBR,Downgradient,-121.714285714286,Downgradient,5.0,5.0,0.0
22348_12_CU_2016-09-01,22348_1,22348,1,CU,2016-09-01,Carbonate Alkalinity,mg/L,5.0,<,2019-01-01,2018-01-01,2019-01-01,CBR,Upgradient,-121.714285714286,Upgradient,5.0,5.0,0.0
22348_12_DU_2016-09-01,22348_1,22348,1,DU,2016-09-01,Carbonate Alkalinity,mg/L,5.0,<,2019-01-01,2018-01-01,2019-01-01,CBR,Upgradient,-121.714285714286,Upgradient,5.0,5.0,0.0
22348_12_EU_2016-09-01,22348_1,22348,1,EU,2016-09-01,Carbonate Alkalinity,mg/L,5.0,<,2019-01-01,2018-01-01,2019-01-01,CBR,Upgradient,-121.714285714286,Upgradient,5.0,5.0,0.0
22348_1_F_2016-09-01,22348_1,22348,1,F,2016-09-01,Carbonate Alkalinity,mg/L,5.0,<,2019-01-01,2018-01-01,2019-01-01,CBR,Downgradient,-121.714285714286,Downgradient,5.0,5.0,0.0
22348_12_FU_2016-09-01,22348_1,22348,1,FU,2016-09-01,Carbonate Alkalinity,mg/L,5.0,<,2019-01-01,2018-01-01,2019-01-01,CBR,Upgradient,-121.714285714286,Upgradient,5.0,5.0,0.0
22348_1_A_2016-11-01,22348_1,22348,1,A,2016-11-01,Carbonate Alkalinity,mg/L,5.0,<,2019-01-01,2018-01-01,2019-01-01,CBR,Sidegradient,-113.0,Downgradient,5.0,5.0,0.0
22348_1_B_2016-11-01,22348_1,22348,1,B,2016-11-01,Carbonate Alkalinity,mg/L,5.0,<,2019-01-01,2018-01-01,2019-01-01,CBR,Downgradient,-113.0,Downgradient,5.0,5.0,0.0
22348_1_C_2016-11-01,22348_1,22348,1,C,2016-11-01,Carbonate Alkalinity,mg/L,5.0,<,2019-01-01,2018-01-01,2019-01-01,CBR,Downgradient,-113.0,Downgradient,5.0,5.0,0.0
22348_1_F_2016-11-01,22348_1,22348,1,F,2016-11-01,Carbonate Alkalinity,mg/L,5.0,<,2019-01-01,2018-01-01,2019-01-01,CBR,Downgradient,-113.0,Downgradient,5.0,5.0,0.0
22348_12_AU_2016-12-01,22348_1,22348,1,AU,2016-12-01,Carbonate Alkalinity,mg/L,5.0,<,2019-01-01,2018-01-01,2019-01-01,CBR,Upgradient,-108.714285714286,Upgradient,5.0,5.0,0.0
22348_12_BU_2016-12-01,22348_1,22348,1,BU,2016-12-01,Carbonate Alkalinity,mg/L,5.0,<,2019-01-01,2018-01-01,2019-01-01,CBR,Upgradient,-108.714285714286,Upgradient,5.0,5.0,0.0
22348_12_CU_2016-12-01,22348_1,22348,1,CU,2016-12-01,Carbonate Alkalinity,mg/L,5.0,<,2019-01-01,2018-01-01,2019-01-01,CBR,Upgradient,-108.714285714286,Upgradient,5.0,5.0,0.0
22348_12_DU_2016-12-01,22348_1,22348,1,DU,2016-12-01,Carbonate Alkalinity,mg/L,5.0,<,2019-01-01,2018-01-01,2019-01-01,CBR,Upgradient,-108.714285714286,Upgradient,5.0,5.0,0.0
22348_12_EU_2016-12-01,22348_1,22348,1,EU,2016-12-01,Carbonate Alkalinity,mg/L,5.0,<,2019-01-01,2018-01-01,2019-01-01,CBR,Upgradient,-108.714285714286,Upgradient,5.0,5.0,0.0
22348_12_FU_2016-12-01,22348_1,22348,1,FU,2016-12-01,Carbonate Alkalinity,mg/L,5.0,<,2019-01-01,2018-01-01,2019-01-01,CBR,Upgradient,-108.714285714286,Upgradient,5.0,5.0,0.0
22348_1_A_2017-05-01,22348_1,22348,1,A,2017-05-01,Carbonate Alkalinity,mg/L,5.0,<,2019-01-01,2018-01-01,2019-01-01,CBR,Sidegradient,-87.1428571428571,Downgradient,5.0,5.0,0.0
22348_12_AU_2017-05-01,22348_1,22348,1,AU,2017-05-01,Carbonate Alkalinity,mg/L,5.0,<,2019-01-01,2018-01-01,2019-01-01,CBR,Upgradient,-87.1428571428571,Upgradient,5.0,5.0,0.0
22348_1_B_2017-05-01,22348_1,22348,1,B,2017-05-01,Carbonate Alkalinity,mg/L,5.0,<,2019-01-01,2018-01-01,2019-01-01,CBR,Downgradient,-87.1428571428571,Downgradient,5.0,5.0,0.0
22348_12_BU_2017-05-01,22348_1,22348,1,BU,2017-05-01,Carbonate Alkalinity,mg/L,5.0,<,2019-01-01,2018-01-01,2019-01-01,CBR,Upgradient,-87.1428571428571,Upgradient,5.0,5.0,0.0
22348_1_C_2017-05-01,22348_1,22348,1,C,2017-05-01,Carbonate Alkalinity,mg/L,5.0,<,2019-01-01,2018-01-01,2019-01-01,CBR,Downgradient,-87.1428571428571,Downgradient,5.0,5.0,0.0
22348_12_CU_2017-05-01,22348_1,22348,1,CU,2017-05-01,Carbonate Alkalinity,mg/L,5.0,<,2019-01-01,2018-01-01,2019-01-01,CBR,Upgradient,-87.1428571428571,Upgradient,5.0,5.0,0.0
22348_12_DU_2017-05-01,22348_1,22348,1,DU,2017-05-01,Carbonate Alkalinity,mg/L,5.0,<,2019-01-01,2018-01-01,2019-01-01,CBR,Upgradient,-87.1428571428571,Upgradient,5.0,5.0,0.0
22348_12_EU_2017-05-01,22348_1,22348,1,EU,2017-05-01,Carbonate Alkalinity,mg/L,5.0,<,2019-01-01,2018-01-01,2019-01-01,CBR,Upgradient,-87.1428571428571,Upgradient,5.0,5.0,0.0
22348_1_F_2017-05-01,22348_1,22348,1,F,2017-05-01,Carbonate Alkalinity,mg/L,5.0,<,2019-01-01,2018-01-01,2019-01-01,CBR,Downgradient,-87.1428571428571,Downgradient,5.0,5.0,0.0
22348_12_FU_2017-05-01,22348_1,22348,1,FU,2017-05-01,Carbonate Alkalinity,mg/L,5.0,<,2019-01-01,2018-01-01,2019-01-01,CBR,Upgradient,-87.1428571428571,Upgradient,5.0,5.0,0.0
22348_1_A_2017-07-01,22348_1,22348,1,A,2017-07-01,Carbonate Alkalinity,mg/L,10.0,<,2019-01-01,2018-01-01,2019-01-01,CBR,Sidegradient,-78.4285714285714,Downgradient,6.25,6.25,0.0
22348_12_AU_2017-07-01,22348_1,22348,1,AU,2017-07-01,Carbonate Alkalinity,mg/L,10.0,<,2019-01-01,2018-01-01,2019-01-01,CBR,Upgradient,-78.4285714285714,Upgradient,6.25,6.25,0.0
22348_1_B_2017-07-01,22348_1,22348,1,B,2017-07-01,Carbonate Alkalinity,mg/L,10.0,<,2019-01-01,2018-01-01,2019-01-01,CBR,Downgradient,-78.4285714285714,Downgradient,6.25,6.25,0.0
22348_12_BU_2017-07-01,22348_1,22348,1,BU,2017-07-01,Carbonate Alkalinity,mg/L,10.0,<,2019-01-01,2018-01-01,2019-01-01,CBR,Upgradient,-78.4285714285714,Upgradient,6.25,6.25,0.0
22348_1_C_2017-07-01,22348_1,22348,1,C,2017-07-01,Carbonate Alkalinity,mg/L,10.0,<,2019-01-01,2018-01-01,2019-01-01,CBR,Downgradient,-78.4285714285714,Downgradient,6.25,6.25,0.0
22348_12_CU_2017-07-01,22348_1,22348,1,CU,2017-07-01,Carbonate Alkalinity,mg/L,10.0,<,2019-01-01,2018-01-01,2019-01-01,CBR,Upgradient,-78.4285714285714,Upgradient,6.25,6.25,0.0
22348_12_DU_2017-07-01,22348_1,22348,1,DU,2017-07-01,Carbonate Alkalinity,mg/L,10.0,<,2019-01-01,2018-01-01,2019-01-01,CBR,Upgradient,-78.4285714285714,Upgradient,6.25,6.25,0.0
22348_12_EU_2017-07-01,22348_1,22348,1,EU,2017-07-01,Carbonate Alkalinity,mg/L,10.0,<,2019-01-01,2018-01-01,2019-01-01,CBR,Upgradient,-78.4285714285714,Upgradient,6.25,6.25,0.0
22348_1_F_2017-07-01,22348_1,22348,1,F,2017-07-01,Carbonate Alkalinity,mg/L,10.0,<,2019-01-01,2018-01-01,2019-01-01,CBR,Downgradient,-78.4285714285714,Downgradient,6.25,6.25,0.0
22348_12_FU_2017-07-01,22348_1,22348,1,FU,2017-07-01,Carbonate Alkalinity,mg/L,10.0,<,2019-01-01,2018-01-01,2019-01-01,CBR,Upgradient,-78.4285714285714,Upgradient,6.25,6.25,0.0
22348_1_A_2017-08-01,22348_1,22348,1,A,2017-08-01,Carbonate Alkalinity,mg/L,5.0,<,2019-01-01,2018-01-01,2019-01-01,CBR,Sidegradient,-74.0,Downgradient,6.25,6.25,0.0
22348_12_AU_2017-08-01,22348_1,22348,1,AU,2017-08-01,Carbonate Alkalinity,mg/L,5.0,<,2019-01-01,2018-01-01,2019-01-01,CBR,Upgradient,-74.0,Upgradient,6.25,6.25,0.0
22348_1_B_2017-08-01,22348_1,22348,1,B,2017-08-01,Carbonate Alkalinity,mg/L,5.0,<,2019-01-01,2018-01-01,2019-01-01,CBR,Downgradient,-74.0,Downgradient,6.25,6.25,0.0
22348_1_B_2017-08-01,22348_1,22348,1,B,2017-08-01,Carbonate Alkalinity,mg/L,12.2,Detected,2019-01-01,2018-01-01,2019-01-01,CBR,Downgradient,-74.0,Downgradient,6.25,6.25,0.0
22348_12_BU_2017-08-01,22348_1,22348,1,BU,2017-08-01,Carbonate Alkalinity,mg/L,5.0,<,2019-01-01,2018-01-01,2019-01-01,CBR,Upgradient,-74.0,Upgradient,6.25,6.25,0.0
22348_1_C_2017-08-01,22348_1,22348,1,C,2017-08-01,Carbonate Alkalinity,mg/L,12.2,Detected,2019-01-01,2018-01-01,2019-01-01,CBR,Downgradient,-74.0,Downgradient,6.25,6.25,0.0
22348_12_CU_2017-08-01,22348_1,22348,1,CU,2017-08-01,Carbonate Alkalinity,mg/L,5.0,<,2019-01-01,2018-01-01,2019-01-01,CBR,Upgradient,-74.0,Upgradient,6.25,6.25,0.0
22348_12_DU_2017-08-01,22348_1,22348,1,DU,2017-08-01,Carbonate Alkalinity,mg/L,5.0,<,2019-01-01,2018-01-01,2019-01-01,CBR,Upgradient,-74.0,Upgradient,6.25,6.25,0.0
22348_12_EU_2017-08-01,22348_1,22348,1,EU,2017-08-01,Carbonate Alkalinity,mg/L,5.0,<,2019-01-01,2018-01-01,2019-01-01,CBR,Upgradient,-74.0,Upgradient,6.25,6.25,0.0
22348_1_F_2017-08-01,22348_1,22348,1,F,2017-08-01,Carbonate Alkalinity,mg/L,5.0,<,2019-01-01,2018-01-01,2019-01-01,CBR,Downgradient,-74.0,Downgradient,6.25,6.25,0.0
22348_12_FU_2017-08-01,22348_1,22348,1,FU,2017-08-01,Carbonate Alkalinity,mg/L,5.0,<,2019-01-01,2018-01-01,2019-01-01,CBR,Upgradient,-74.0,Upgradient,6.25,6.25,0.0
22348_1_A_2018-11-01,22348_1,22348,1,A,2018-11-01,Carbonate Alkalinity,mg/L,5.0,<,2019-01-01,2018-01-01,2019-01-01,CBR,Sidegradient,-8.71428571428571,Downgradient,6.25,6.25,0.0
22348_12_AU_2018-11-01,22348_1,22348,1,AU,2018-11-01,Carbonate Alkalinity,mg/L,5.0,<,2019-01-01,2018-01-01,2019-01-01,CBR,Upgradient,-8.71428571428571,Upgradient,6.25,6.25,0.0
22348_1_B_2018-11-01,22348_1,22348,1,B,2018-11-01,Carbonate Alkalinity,mg/L,5.0,<,2019-01-01,2018-01-01,2019-01-01,CBR,Downgradient,-8.71428571428571,Downgradient,6.25,6.25,0.0
22348_12_BU_2018-11-01,22348_1,22348,1,BU,2018-11-01,Carbonate Alkalinity,mg/L,5.0,<,2019-01-01,2018-01-01,2019-01-01,CBR,Upgradient,-8.71428571428571,Upgradient,6.25,6.25,0.0
22348_1_C_2018-11-01,22348_1,22348,1,C,2018-11-01,Carbonate Alkalinity,mg/L,5.0,<,2019-01-01,2018-01-01,2019-01-01,CBR,Downgradient,-8.71428571428571,Downgradient,6.25,6.25,0.0
22348_12_CU_2018-11-01,22348_1,22348,1,CU,2018-11-01,Carbonate Alkalinity,mg/L,5.0,<,2019-01-01,2018-01-01,2019-01-01,CBR,Upgradient,-8.71428571428571,Upgradient,6.25,6.25,0.0
22348_12_DU_2018-11-01,22348_1,22348,1,DU,2018-11-01,Carbonate Alkalinity,mg/L,5.0,<,2019-01-01,2018-01-01,2019-01-01,CBR,Upgradient,-8.71428571428571,Upgradient,6.25,6.25,0.0
22348_12_EU_2018-11-01,22348_1,22348,1,EU,2018-11-01,Carbonate Alkalinity,mg/L,5.0,<,2019-01-01,2018-01-01,2019-01-01,CBR,Upgradient,-8.71428571428571,Upgradient,6.25,6.25,0.0
22348_1_F_2018-11-01,22348_1,22348,1,F,2018-11-01,Carbonate Alkalinity,mg/L,5.0,<,2019-01-01,2018-01-01,2019-01-01,CBR,Downgradient,-8.71428571428571,Downgradient,6.25,6.25,0.0
22348_12_FU_2018-11-01,22348_1,22348,1,FU,2018-11-01,Carbonate Alkalinity,mg/L,5.0,<,2019-01-01,2018-01-01,2019-01-01,CBR,Upgradient,-8.71428571428571,Upgradient,6.25,6.25,0.0
22348_12_J_2018-11-01,22348_1,22348,1,J,2018-11-01,Carbonate Alkalinity,mg/L,5.0,<,2019-01-01,2018-01-01,2019-01-01,CBR,Sidegradient,-8.71428571428571,Downgradient,6.25,6.25,0.0
22348_1_D_2018-12-01,22348_1,22348,1,D,2018-12-01,Carbonate Alkalinity,mg/L,5.0,<,2019-01-01,2018-01-01,2019-01-01,CBR,Downgradient,-4.42857142857143,Downgradient,6.25,6.25,0.0
22348_1_E_2018-12-01,22348_1,22348,1,E,2018-12-01,Carbonate Alkalinity,mg/L,5.0,<,2019-01-01,2018-01-01,2019-01-01,CBR,Downgradient,-4.42857142857143,Downgradient,6.25,6.25,0.0
22348_12_H_2018-12-01,22348_1,22348,1,H,2018-12-01,Carbonate Alkalinity,mg/L,5.0,<,2019-01-01,2018-01-01,2019-01-01,CBR,Sidegradient,-4.42857142857143,Downgradient,6.25,6.25,0.0
22348_12_K_2018-12-01,22348_1,22348,1,K,2018-12-01,Carbonate Alkalinity,mg/L,5.0,<,2019-01-01,2018-01-01,2019-01-01,CBR,Sidegradient,-4.42857142857143,Downgradient,6.25,6.25,0.0
22348_1_D_2019-03-01,22348_1,22348,1,D,2019-03-01,Carbonate Alkalinity,mg/L,5.0,<,2019-01-01,2018-01-01,2019-01-01,CBR,Downgradient,8.42857142857143,Downgradient,5.0,6.25,-1.25
22348_1_E_2019-03-01,22348_1,22348,1,E,2019-03-01,Carbonate Alkalinity,mg/L,5.0,<,2019-01-01,2018-01-01,2019-01-01,CBR,Downgradient,8.42857142857143,Downgradient,5.0,6.25,-1.25
22348_1_A_2019-05-01,22348_1,22348,1,A,2019-05-01,Carbonate Alkalinity,mg/L,5.0,<,2019-01-01,2018-01-01,2019-01-01,CBR,Sidegradient,17.1428571428571,Downgradient,5.0,6.25,-1.25
22348_1_B_2019-05-01,22348_1,22348,1,B,2019-05-01,Carbonate Alkalinity,mg/L,5.0,<,2019-01-01,2018-01-01,2019-01-01,CBR,Downgradient,17.1428571428571,Downgradient,5.0,6.25,-1.25
22348_1_C_2019-05-01,22348_1,22348,1,C,2019-05-01,Carbonate Alkalinity,mg/L,5.0,<,2019-01-01,2018-01-01,2019-01-01,CBR,Downgradient,17.1428571428571,Downgradient,5.0,6.25,-1.25
22348_1_E_2019-05-01,22348_1,22348,1,E,2019-05-01,Carbonate Alkalinity,mg/L,5.0,<,2019-01-01,2018-01-01,2019-01-01,CBR,Downgradient,17.1428571428571,Downgradient,5.0,6.25,-1.25
22348_1_F_2019-05-01,22348_1,22348,1,F,2019-05-01,Carbonate Alkalinity,mg/L,5.0,<,2019-01-01,2018-01-01,2019-01-01,CBR,Downgradient,17.1428571428571,Downgradient,5.0,6.25,-1.25
22348_12_G_2019-05-01,22348_1,22348,1,G,2019-05-01,Carbonate Alkalinity,mg/L,5.0,<,2019-01-01,2018-01-01,2019-01-01,CBR,Downgradient,17.1428571428571,Downgradient,5.0,6.25,-1.25
22348_12_H_2019-05-01,22348_1,22348,1,H,2019-05-01,Carbonate Alkalinity,mg/L,5.0,<,2019-01-01,2018-01-01,2019-01-01,CBR,Sidegradient,17.1428571428571,Downgradient,5.0,6.25,-1.25
22348_12_J_2019-05-01,22348_1,22348,1,J,2019-05-01,Carbonate Alkalinity,mg/L,5.0,<,2019-01-01,2018-01-01,2019-01-01,CBR,Sidegradient,17.1428571428571,Downgradient,5.0,6.25,-1.25
22348_12_K_2019-05-01,22348_1,22348,1,K,2019-05-01,Carbonate Alkalinity,mg/L,5.0,<,2019-01-01,2018-01-01,2019-01-01,CBR,Sidegradient,17.1428571428571,Downgradient,5.0,6.25,-1.25
22348_1_B_2020-05-01,22348_1,22348,1,B,2020-05-01,Carbonate Alkalinity,mg/L,5.0,<,2019-01-01,2018-01-01,2019-01-01,CBR,Downgradient,69.4285714285714,Downgradient,5.0,6.25,-1.25
22348_12_BU_2020-05-01,22348_1,22348,1,BU,2020-05-01,Carbonate Alkalinity,mg/L,5.0,<,2019-01-01,2018-01-01,2019-01-01,CBR,Upgradient,69.4285714285714,Upgradient,5.0,6.25,-1.25
22348_12_CU_2020-05-01,22348_1,22348,1,CU,2020-05-01,Carbonate Alkalinity,mg/L,5.0,<,2019-01-01,2018-01-01,2019-01-01,CBR,Upgradient,69.4285714285714,Upgradient,5.0,6.25,-1.25
22348_1_E_2020-05-01,22348_1,22348,1,E,2020-05-01,Carbonate Alkalinity,mg/L,5.0,<,2019-01-01,2018-01-01,2019-01-01,CBR,Downgradient,69.4285714285714,Downgradient,5.0,6.25,-1.25
22348_12_EU_2020-05-01,22348_1,22348,1,EU,2020-05-01,Carbonate Alkalinity,mg/L,5.0,<,2019-01-01,2018-01-01,2019-01-01,CBR,Upgradient,69.4285714285714,Upgradient,5.0,6.25,-1.25
22348_1_F_2020-05-01,22348_1,22348,1,F,2020-05-01,Carbonate Alkalinity,mg/L,5.0,<,2019-01-01,2018-01-01,2019-01-01,CBR,Downgradient,69.4285714285714,Downgradient,5.0,6.25,-1.25
22348_12_AU_2021-04-01,22348_1,22348,1,AU,2021-04-01,Carbonate Alkalinity,mg/L,5.0,<,2019-01-01,2018-01-01,2019-01-01,CBR,Upgradient,117.285714285714,Upgradient,5.0,5.0,0.0
22348_1_B_2021-04-01,22348_1,22348,1,B,2021-04-01,Carbonate Alkalinity,mg/L,5.0,<,2019-01-01,2018-01-01,2019-01-01,CBR,Downgradient,117.285714285714,Downgradient,5.0,5.0,0.0
22348_12_BU_2021-04-01,22348_1,22348,1,BU,2021-04-01,Carbonate Alkalinity,mg/L,5.0,<,2019-01-01,2018-01-01,2019-01-01,CBR,Upgradient,117.285714285714,Upgradient,5.0,5.0,0.0
22348_1_C_2021-04-01,22348_1,22348,1,C,2021-04-01,Carbonate Alkalinity,mg/L,5.0,<,2019-01-01,2018-01-01,2019-01-01,CBR,Downgradient,117.285714285714,Downgradient,5.0,5.0,0.0
22348_12_CU_2021-04-01,22348_1,22348,1,CU,2021-04-01,Carbonate Alkalinity,mg/L,5.0,<,2019-01-01,2018-01-01,2019-01-01,CBR,Upgradient,117.285714285714,Upgradient,5.0,5.0,0.0
22348_1_D_2021-04-01,22348_1,22348,1,D,2021-04-01,Carbonate Alkalinity,mg/L,5.0,<,2019-01-01,2018-01-01,2019-01-01,CBR,Downgradient,117.285714285714,Downgradient,5.0,5.0,0.0
22348_12_DU_2021-04-01,22348_1,22348,1,DU,2021-04-01,Carbonate Alkalinity,mg/L,5.0,<,2019-01-01,2018-01-01,2019-01-01,CBR,Upgradient,117.285714285714,Upgradient,5.0,5.0,0.0
22348_1_E_2021-04-01,22348_1,22348,1,E,2021-04-01,Carbonate Alkalinity,mg/L,5.0,<,2019-01-01,2018-01-01,2019-01-01,CBR,Downgradient,117.285714285714,Downgradient,5.0,5.0,0.0
22348_12_EU_2021-04-01,22348_1,22348,1,EU,2021-04-01,Carbonate Alkalinity,mg/L,5.0,<,2019-01-01,2018-01-01,2019-01-01,CBR,Upgradient,117.285714285714,Upgradient,5.0,5.0,0.0
22348_1_F_2021-04-01,22348_1,22348,1,F,2021-04-01,Carbonate Alkalinity,mg/L,5.0,<,2019-01-01,2018-01-01,2019-01-01,CBR,Downgradient,117.285714285714,Downgradient,5.0,5.0,0.0
22348_12_FU_2021-04-01,22348_1,22348,1,FU,2021-04-01,Carbonate Alkalinity,mg/L,5.0,<,2019-01-01,2018-01-01,2019-01-01,CBR,Upgradient,117.285714285714,Upgradient,5.0,5.0,0.0
22348_12_AU_2021-11-01,22348_1,22348,1,AU,2021-11-01,Carbonate Alkalinity,mg/L,5.0,<,2019-01-01,2018-01-01,2019-01-01,CBR,Upgradient,147.857142857143,Upgradient,5.0,5.0,0.0
22348_1_B_2021-11-01,22348_1,22348,1,B,2021-11-01,Carbonate Alkalinity,mg/L,5.0,<,2019-01-01,2018-01-01,2019-01-01,CBR,Downgradient,147.857142857143,Downgradient,5.0,5.0,0.0
22348_12_BU_2021-11-01,22348_1,22348,1,BU,2021-11-01,Carbonate Alkalinity,mg/L,5.0,<,2019-01-01,2018-01-01,2019-01-01,CBR,Upgradient,147.857142857143,Upgradient,5.0,5.0,0.0
22348_1_C_2021-11-01,22348_1,22348,1,C,2021-11-01,Carbonate Alkalinity,mg/L,5.0,<,2019-01-01,2018-01-01,2019-01-01,CBR,Downgradient,147.857142857143,Downgradient,5.0,5.0,0.0
22348_12_CU_2021-11-01,22348_1,22348,1,CU,2021-11-01,Carbonate Alkalinity,mg/L,5.0,<,2019-01-01,2018-01-01,2019-01-01,CBR,Upgradient,147.857142857143,Upgradient,5.0,5.0,0.0
22348_1_D_2021-11-01,22348_1,22348,1,D,2021-11-01,Carbonate Alkalinity,mg/L,5.0,<,2019-01-01,2018-01-01,2019-01-01,CBR,Downgradient,147.857142857143,Downgradient,5.0,5.0,0.0
22348_12_DU_2021-11-01,22348_1,22348,1,DU,2021-11-01,Carbonate Alkalinity,mg/L,5.0,<,2019-01-01,2018-01-01,2019-01-01,CBR,Upgradient,147.857142857143,Upgradient,5.0,5.0,0.0
22348_1_E_2021-11-01,22348_1,22348,1,E,2021-11-01,Carbonate Alkalinity,mg/L,5.0,<,2019-01-01,2018-01-01,2019-01-01,CBR,Downgradient,147.857142857143,Downgradient,5.0,5.0,0.0
22348_12_EU_2021-11-01,22348_1,22348,1,EU,2021-11-01,Carbonate Alkalinity,mg/L,5.0,<,2019-01-01,2018-01-01,2019-01-01,CBR,Upgradient,147.857142857143,Upgradient,5.0,5.0,0.0
22348_1_F_2021-11-01,22348_1,22348,1,F,2021-11-01,Carbonate Alkalinity,mg/L,5.0,<,2019-01-01,2018-01-01,2019-01-01,CBR,Downgradient,147.857142857143,Downgradient,5.0,5.0,0.0
22348_12_FU_2021-11-01,22348_1,22348,1,FU,2021-11-01,Carbonate Alkalinity,mg/L,5.0,<,2019-01-01,2018-01-01,2019-01-01,CBR,Upgradient,147.857142857143,Upgradient,5.0,5.0,0.0
22348_12_AU_2022-03-01,22348_1,22348,1,AU,2022-03-01,Carbonate Alkalinity,mg/L,5000.0,<,2019-01-01,2018-01-01,2019-01-01,CBR,Upgradient,165.0,Upgradient,1253.75,1253.75,0.0
22348_12_BU_2022-03-01,22348_1,22348,1,BU,2022-03-01,Carbonate Alkalinity,mg/L,5000.0,<,2019-01-01,2018-01-01,2019-01-01,CBR,Upgradient,165.0,Upgradient,1253.75,1253.75,0.0
22348_12_CU_2022-03-01,22348_1,22348,1,CU,2022-03-01,Carbonate Alkalinity,mg/L,5000.0,<,2019-01-01,2018-01-01,2019-01-01,CBR,Upgradient,165.0,Upgradient,1253.75,1253.75,0.0
22348_12_DU_2022-03-01,22348_1,22348,1,DU,2022-03-01,Carbonate Alkalinity,mg/L,5000.0,<,2019-01-01,2018-01-01,2019-01-01,CBR,Upgradient,165.0,Upgradient,1253.75,1253.75,0.0
22348_12_EU_2022-03-01,22348_1,22348,1,EU,2022-03-01,Carbonate Alkalinity,mg/L,5000.0,<,2019-01-01,2018-01-01,2019-01-01,CBR,Upgradient,165.0,Upgradient,1253.75,1253.75,0.0
22348_12_FU_2022-03-01,22348_1,22348,1,FU,2022-03-01,Carbonate Alkalinity,mg/L,5000.0,<,2019-01-01,2018-01-01,2019-01-01,CBR,Upgradient,165.0,Upgradient,1253.75,1253.75,0.0
22348_12_H_2022-03-01,22348_1,22348,1,H,2022-03-01,Carbonate Alkalinity,mg/L,5000.0,<,2019-01-01,2018-01-01,2019-01-01,CBR,Sidegradient,165.0,Downgradient,1253.75,1253.75,0.0
22348_12_K_2022-03-01,22348_1,22348,1,K,2022-03-01,Carbonate Alkalinity,mg/L,5000.0,<,2019-01-01,2018-01-01,2019-01-01,CBR,Sidegradient,165.0,Downgradient,1253.75,1253.75,0.0
22348_12_AU_2022-04-01,22348_1,22348,1,AU,2022-04-01,Carbonate Alkalinity,mg/L,5.0,<,2019-01-01,2018-01-01,2019-01-01,CBR,Upgradient,169.428571428571,Upgradient,1253.75,1253.75,0.0
22348_1_B_2022-04-01,22348_1,22348,1,B,2022-04-01,Carbonate Alkalinity,mg/L,5.0,<,2019-01-01,2018-01-01,2019-01-01,CBR,Downgradient,169.428571428571,Downgradient,1253.75,1253.75,0.0
22348_12_BU_2022-04-01,22348_1,22348,1,BU,2022-04-01,Carbonate Alkalinity,mg/L,5.0,<,2019-01-01,2018-01-01,2019-01-01,CBR,Upgradient,169.428571428571,Upgradient,1253.75,1253.75,0.0
22348_1_C_2022-04-01,22348_1,22348,1,C,2022-04-01,Carbonate Alkalinity,mg/L,5.0,<,2019-01-01,2018-01-01,2019-01-01,CBR,Downgradient,169.428571428571,Downgradient,1253.75,1253.75,0.0
22348_12_CU_2022-04-01,22348_1,22348,1,CU,2022-04-01,Carbonate Alkalinity,mg/L,5.0,<,2019-01-01,2018-01-01,2019-01-01,CBR,Upgradient,169.428571428571,Upgradient,1253.75,1253.75,0.0
22348_1_D_2022-04-01,22348_1,22348,1,D,2022-04-01,Carbonate Alkalinity,mg/L,5.0,<,2019-01-01,2018-01-01,2019-01-01,CBR,Downgradient,169.428571428571,Downgradient,1253.75,1253.75,0.0
22348_12_DU_2022-04-01,22348_1,22348,1,DU,2022-04-01,Carbonate Alkalinity,mg/L,5.0,<,2019-01-01,2018-01-01,2019-01-01,CBR,Upgradient,169.428571428571,Upgradient,1253.75,1253.75,0.0
22348_1_E_2022-04-01,22348_1,22348,1,E,2022-04-01,Carbonate Alkalinity,mg/L,5.0,<,2019-01-01,2018-01-01,2019-01-01,CBR,Downgradient,169.428571428571,Downgradient,1253.75,1253.75,0.0
22348_1_E_2022-04-01,22348_1,22348,1,E,2022-04-01,Carbonate Alkalinity,mg/L,12.1,Detected,2019-01-01,2018-01-01,2019-01-01,CBR,Downgradient,169.428571428571,Downgradient,1253.75,1253.75,0.0
22348_12_EU_2022-04-01,22348_1,22348,1,EU,2022-04-01,Carbonate Alkalinity,mg/L,5.0,<,2019-01-01,2018-01-01,2019-01-01,CBR,Upgradient,169.428571428571,Upgradient,1253.75,1253.75,0.0
22348_1_F_2022-04-01,22348_1,22348,1,F,2022-04-01,Carbonate Alkalinity,mg/L,5.0,<,2019-01-01,2018-01-01,2019-01-01,CBR,Downgradient,169.428571428571,Downgradient,1253.75,1253.75,0.0
22348_12_FU_2022-04-01,22348_1,22348,1,FU,2022-04-01,Carbonate Alkalinity,mg/L,5.0,<,2019-01-01,2018-01-01,2019-01-01,CBR,Upgradient,169.428571428571,Upgradient,1253.75,1253.75,0.0
22348_12_H_2022-04-01,22348_1,22348,1,H,2022-04-01,Carbonate Alkalinity,mg/L,5.0,<,2019-01-01,2018-01-01,2019-01-01,CBR,Sidegradient,169.428571428571,Downgradient,1253.75,1253.75,0.0
22348_12_J_2022-04-01,22348_1,22348,1,J,2022-04-01,Carbonate Alkalinity,mg/L,5.0,<,2019-01-01,2018-01-01,2019-01-01,CBR,Sidegradient,169.428571428571,Downgradient,1253.75,1253.75,0.0
22348_12_K_2022-04-01,22348_1,22348,1,K,2022-04-01,Carbonate Alkalinity,mg/L,5.0,<,2019-01-01,2018-01-01,2019-01-01,CBR,Sidegradient,169.428571428571,Downgradient,1253.75,1253.75,0.0
22348_2_A_2015-12-01,22348_2,22348,2,A,2015-12-01,Carbonate Alkalinity,mg/L,5.0,<,2017-01-01,2018-01-01,2019-01-01,CBR,Sidegradient,-161.0,Downgradient,1253.75,1253.75,0.0
22348_12_AU_2015-12-01,22348_2,22348,2,AU,2015-12-01,Carbonate Alkalinity,mg/L,5.0,<,2017-01-01,2018-01-01,2019-01-01,CBR,Upgradient,-161.0,Upgradient,1253.75,1253.75,0.0
22348_2_B_2015-12-01,22348_2,22348,2,B,2015-12-01,Carbonate Alkalinity,mg/L,5.0,<,2017-01-01,2018-01-01,2019-01-01,CBR,Downgradient,-161.0,Downgradient,1253.75,1253.75,0.0
22348_12_BU_2015-12-01,22348_2,22348,2,BU,2015-12-01,Carbonate Alkalinity,mg/L,5.0,<,2017-01-01,2018-01-01,2019-01-01,CBR,Upgradient,-161.0,Upgradient,1253.75,1253.75,0.0
22348_2_C_2015-12-01,22348_2,22348,2,C,2015-12-01,Carbonate Alkalinity,mg/L,5.0,<,2017-01-01,2018-01-01,2019-01-01,CBR,Downgradient,-161.0,Downgradient,1253.75,1253.75,0.0
22348_12_CU_2015-12-01,22348_2,22348,2,CU,2015-12-01,Carbonate Alkalinity,mg/L,5.0,<,2017-01-01,2018-01-01,2019-01-01,CBR,Upgradient,-161.0,Upgradient,1253.75,1253.75,0.0
22348_12_DU_2015-12-01,22348_2,22348,2,DU,2015-12-01,Carbonate Alkalinity,mg/L,5.0,<,2017-01-01,2018-01-01,2019-01-01,CBR,Upgradient,-161.0,Upgradient,1253.75,1253.75,0.0
22348_12_EU_2015-12-01,22348_2,22348,2,EU,2015-12-01,Carbonate Alkalinity,mg/L,5.0,<,2017-01-01,2018-01-01,2019-01-01,CBR,Upgradient,-161.0,Upgradient,1253.75,1253.75,0.0
22348_12_FU_2015-12-01,22348_2,22348,2,FU,2015-12-01,Carbonate Alkalinity,mg/L,5.0,<,2017-01-01,2018-01-01,2019-01-01,CBR,Upgradient,-161.0,Upgradient,1253.75,1253.75,0.0
22348_2_A_2016-03-01,22348_2,22348,2,A,2016-03-01,Carbonate Alkalinity,mg/L,5.0,<,2017-01-01,2018-01-01,2019-01-01,CBR,Sidegradient,-148.0,Downgradient,1253.75,1253.75,0.0
22348_12_AU_2016-03-01,22348_2,22348,2,AU,2016-03-01,Carbonate Alkalinity,mg/L,5.0,<,2017-01-01,2018-01-01,2019-01-01,CBR,Upgradient,-148.0,Upgradient,1253.75,1253.75,0.0
22348_2_B_2016-03-01,22348_2,22348,2,B,2016-03-01,Carbonate Alkalinity,mg/L,5.0,<,2017-01-01,2018-01-01,2019-01-01,CBR,Downgradient,-148.0,Downgradient,1253.75,1253.75,0.0
22348_12_BU_2016-03-01,22348_2,22348,2,BU,2016-03-01,Carbonate Alkalinity,mg/L,5.0,<,2017-01-01,2018-01-01,2019-01-01,CBR,Upgradient,-148.0,Upgradient,1253.75,1253.75,0.0
22348_2_C_2016-03-01,22348_2,22348,2,C,2016-03-01,Carbonate Alkalinity,mg/L,5.0,<,2017-01-01,2018-01-01,2019-01-01,CBR,Downgradient,-148.0,Downgradient,1253.75,1253.75,0.0
22348_12_CU_2016-03-01,22348_2,22348,2,CU,2016-03-01,Carbonate Alkalinity,mg/L,5.0,<,2017-01-01,2018-01-01,2019-01-01,CBR,Upgradient,-148.0,Upgradient,1253.75,1253.75,0.0
22348_12_DU_2016-03-01,22348_2,22348,2,DU,2016-03-01,Carbonate Alkalinity,mg/L,5.0,<,2017-01-01,2018-01-01,2019-01-01,CBR,Upgradient,-148.0,Upgradient,1253.75,1253.75,0.0
22348_12_EU_2016-03-01,22348_2,22348,2,EU,2016-03-01,Carbonate Alkalinity,mg/L,5.0,<,2017-01-01,2018-01-01,2019-01-01,CBR,Upgradient,-148.0,Upgradient,1253.75,1253.75,0.0
22348_12_FU_2016-03-01,22348_2,22348,2,FU,2016-03-01,Carbonate Alkalinity,mg/L,5.0,<,2017-01-01,2018-01-01,2019-01-01,CBR,Upgradient,-148.0,Upgradient,1253.75,1253.75,0.0
22348_2_A_2016-07-01,22348_2,22348,2,A,2016-07-01,Carbonate Alkalinity,mg/L,5.0,<,2017-01-01,2018-01-01,2019-01-01,CBR,Sidegradient,-130.571428571429,Downgradient,5.0,5.0,0.0
22348_12_AU_2016-07-01,22348_2,22348,2,AU,2016-07-01,Carbonate Alkalinity,mg/L,5.0,<,2017-01-01,2018-01-01,2019-01-01,CBR,Upgradient,-130.571428571429,Upgradient,5.0,5.0,0.0
22348_2_B_2016-07-01,22348_2,22348,2,B,2016-07-01,Carbonate Alkalinity,mg/L,5.0,<,2017-01-01,2018-01-01,2019-01-01,CBR,Downgradient,-130.571428571429,Downgradient,5.0,5.0,0.0
22348_12_BU_2016-07-01,22348_2,22348,2,BU,2016-07-01,Carbonate Alkalinity,mg/L,5.0,<,2017-01-01,2018-01-01,2019-01-01,CBR,Upgradient,-130.571428571429,Upgradient,5.0,5.0,0.0
22348_2_C_2016-07-01,22348_2,22348,2,C,2016-07-01,Carbonate Alkalinity,mg/L,5.0,<,2017-01-01,2018-01-01,2019-01-01,CBR,Downgradient,-130.571428571429,Downgradient,5.0,5.0,0.0
22348_12_CU_2016-07-01,22348_2,22348,2,CU,2016-07-01,Carbonate Alkalinity,mg/L,5.0,<,2017-01-01,2018-01-01,2019-01-01,CBR,Upgradient,-130.571428571429,Upgradient,5.0,5.0,0.0
22348_12_DU_2016-07-01,22348_2,22348,2,DU,2016-07-01,Carbonate Alkalinity,mg/L,5.0,<,2017-01-01,2018-01-01,2019-01-01,CBR,Upgradient,-130.571428571429,Upgradient,5.0,5.0,0.0
22348_12_EU_2016-07-01,22348_2,22348,2,EU,2016-07-01,Carbonate Alkalinity,mg/L,5.0,<,2017-01-01,2018-01-01,2019-01-01,CBR,Upgradient,-130.571428571429,Upgradient,5.0,5.0,0.0
22348_12_FU_2016-07-01,22348_2,22348,2,FU,2016-07-01,Carbonate Alkalinity,mg/L,5.0,<,2017-01-01,2018-01-01,2019-01-01,CBR,Upgradient,-130.571428571429,Upgradient,5.0,5.0,0.0
22348_2_A_2016-09-01,22348_2,22348,2,A,2016-09-01,Carbonate Alkalinity,mg/L,5.0,<,2017-01-01,2018-01-01,2019-01-01,CBR,Sidegradient,-121.714285714286,Downgradient,5.0,5.0,0.0
22348_12_AU_2016-09-01,22348_2,22348,2,AU,2016-09-01,Carbonate Alkalinity,mg/L,5.0,<,2017-01-01,2018-01-01,2019-01-01,CBR,Upgradient,-121.714285714286,Upgradient,5.0,5.0,0.0
22348_2_B_2016-09-01,22348_2,22348,2,B,2016-09-01,Carbonate Alkalinity,mg/L,5.0,<,2017-01-01,2018-01-01,2019-01-01,CBR,Downgradient,-121.714285714286,Downgradient,5.0,5.0,0.0
22348_12_BU_2016-09-01,22348_2,22348,2,BU,2016-09-01,Carbonate Alkalinity,mg/L,5.0,<,2017-01-01,2018-01-01,2019-01-01,CBR,Upgradient,-121.714285714286,Upgradient,5.0,5.0,0.0
22348_2_C_2016-09-01,22348_2,22348,2,C,2016-09-01,Carbonate Alkalinity,mg/L,5.0,<,2017-01-01,2018-01-01,2019-01-01,CBR,Downgradient,-121.714285714286,Downgradient,5.0,5.0,0.0
22348_12_CU_2016-09-01,22348_2,22348,2,CU,2016-09-01,Carbonate Alkalinity,mg/L,5.0,<,2017-01-01,2018-01-01,2019-01-01,CBR,Upgradient,-121.714285714286,Upgradient,5.0,5.0,0.0
22348_12_DU_2016-09-01,22348_2,22348,2,DU,2016-09-01,Carbonate Alkalinity,mg/L,5.0,<,2017-01-01,2018-01-01,2019-01-01,CBR,Upgradient,-121.714285714286,Upgradient,5.0,5.0,0.0
22348_12_EU_2016-09-01,22348_2,22348,2,EU,2016-09-01,Carbonate Alkalinity,mg/L,5.0,<,2017-01-01,2018-01-01,2019-01-01,CBR,Upgradient,-121.714285714286,Upgradient,5.0,5.0,0.0
22348_12_FU_2016-09-01,22348_2,22348,2,FU,2016-09-01,Carbonate Alkalinity,mg/L,5.0,<,2017-01-01,2018-01-01,2019-01-01,CBR,Upgradient,-121.714285714286,Upgradient,5.0,5.0,0.0
22348_2_A_2016-12-01,22348_2,22348,2,A,2016-12-01,Carbonate Alkalinity,mg/L,5.0,<,2017-01-01,2018-01-01,2019-01-01,CBR,Sidegradient,-108.714285714286,Downgradient,5.0,5.0,0.0
22348_12_AU_2016-12-01,22348_2,22348,2,AU,2016-12-01,Carbonate Alkalinity,mg/L,5.0,<,2017-01-01,2018-01-01,2019-01-01,CBR,Upgradient,-108.714285714286,Upgradient,5.0,5.0,0.0
22348_2_B_2016-12-01,22348_2,22348,2,B,2016-12-01,Carbonate Alkalinity,mg/L,5.0,<,2017-01-01,2018-01-01,2019-01-01,CBR,Downgradient,-108.714285714286,Downgradient,5.0,5.0,0.0
22348_12_BU_2016-12-01,22348_2,22348,2,BU,2016-12-01,Carbonate Alkalinity,mg/L,5.0,<,2017-01-01,2018-01-01,2019-01-01,CBR,Upgradient,-108.714285714286,Upgradient,5.0,5.0,0.0
22348_2_C_2016-12-01,22348_2,22348,2,C,2016-12-01,Carbonate Alkalinity,mg/L,5.0,<,2017-01-01,2018-01-01,2019-01-01,CBR,Downgradient,-108.714285714286,Downgradient,5.0,5.0,0.0
22348_12_CU_2016-12-01,22348_2,22348,2,CU,2016-12-01,Carbonate Alkalinity,mg/L,5.0,<,2017-01-01,2018-01-01,2019-01-01,CBR,Upgradient,-108.714285714286,Upgradient,5.0,5.0,0.0
22348_12_DU_2016-12-01,22348_2,22348,2,DU,2016-12-01,Carbonate Alkalinity,mg/L,5.0,<,2017-01-01,2018-01-01,2019-01-01,CBR,Upgradient,-108.714285714286,Upgradient,5.0,5.0,0.0
22348_12_EU_2016-12-01,22348_2,22348,2,EU,2016-12-01,Carbonate Alkalinity,mg/L,5.0,<,2017-01-01,2018-01-01,2019-01-01,CBR,Upgradient,-108.714285714286,Upgradient,5.0,5.0,0.0
22348_12_FU_2016-12-01,22348_2,22348,2,FU,2016-12-01,Carbonate Alkalinity,mg/L,5.0,<,2017-01-01,2018-01-01,2019-01-01,CBR,Upgradient,-108.714285714286,Upgradient,5.0,5.0,0.0
22348_2_A_2017-05-01,22348_2,22348,2,A,2017-05-01,Carbonate Alkalinity,mg/L,5.0,<,2017-01-01,2018-01-01,2019-01-01,CBR,Sidegradient,-87.1428571428571,Downgradient,5.0,5.0,0.0
22348_12_AU_2017-05-01,22348_2,22348,2,AU,2017-05-01,Carbonate Alkalinity,mg/L,5.0,<,2017-01-01,2018-01-01,2019-01-01,CBR,Upgradient,-87.1428571428571,Upgradient,5.0,5.0,0.0
22348_2_B_2017-05-01,22348_2,22348,2,B,2017-05-01,Carbonate Alkalinity,mg/L,5.0,<,2017-01-01,2018-01-01,2019-01-01,CBR,Downgradient,-87.1428571428571,Downgradient,5.0,5.0,0.0
22348_12_BU_2017-05-01,22348_2,22348,2,BU,2017-05-01,Carbonate Alkalinity,mg/L,5.0,<,2017-01-01,2018-01-01,2019-01-01,CBR,Upgradient,-87.1428571428571,Upgradient,5.0,5.0,0.0
22348_2_C_2017-05-01,22348_2,22348,2,C,2017-05-01,Carbonate Alkalinity,mg/L,5.0,<,2017-01-01,2018-01-01,2019-01-01,CBR,Downgradient,-87.1428571428571,Downgradient,5.0,5.0,0.0
22348_12_CU_2017-05-01,22348_2,22348,2,CU,2017-05-01,Carbonate Alkalinity,mg/L,5.0,<,2017-01-01,2018-01-01,2019-01-01,CBR,Upgradient,-87.1428571428571,Upgradient,5.0,5.0,0.0
22348_12_DU_2017-05-01,22348_2,22348,2,DU,2017-05-01,Carbonate Alkalinity,mg/L,5.0,<,2017-01-01,2018-01-01,2019-01-01,CBR,Upgradient,-87.1428571428571,Upgradient,5.0,5.0,0.0
22348_12_EU_2017-05-01,22348_2,22348,2,EU,2017-05-01,Carbonate Alkalinity,mg/L,5.0,<,2017-01-01,2018-01-01,2019-01-01,CBR,Upgradient,-87.1428571428571,Upgradient,5.0,5.0,0.0
22348_12_FU_2017-05-01,22348_2,22348,2,FU,2017-05-01,Carbonate Alkalinity,mg/L,5.0,<,2017-01-01,2018-01-01,2019-01-01,CBR,Upgradient,-87.1428571428571,Upgradient,5.0,5.0,0.0
22348_2_A_2017-07-01,22348_2,22348,2,A,2017-07-01,Carbonate Alkalinity,mg/L,10.0,<,2017-01-01,2018-01-01,2019-01-01,CBR,Sidegradient,-78.4285714285714,Downgradient,6.25,6.25,0.0
22348_12_AU_2017-07-01,22348_2,22348,2,AU,2017-07-01,Carbonate Alkalinity,mg/L,10.0,<,2017-01-01,2018-01-01,2019-01-01,CBR,Upgradient,-78.4285714285714,Upgradient,6.25,6.25,0.0
22348_2_B_2017-07-01,22348_2,22348,2,B,2017-07-01,Carbonate Alkalinity,mg/L,10.0,<,2017-01-01,2018-01-01,2019-01-01,CBR,Downgradient,-78.4285714285714,Downgradient,6.25,6.25,0.0
22348_12_BU_2017-07-01,22348_2,22348,2,BU,2017-07-01,Carbonate Alkalinity,mg/L,10.0,<,2017-01-01,2018-01-01,2019-01-01,CBR,Upgradient,-78.4285714285714,Upgradient,6.25,6.25,0.0
22348_2_C_2017-07-01,22348_2,22348,2,C,2017-07-01,Carbonate Alkalinity,mg/L,10.0,<,2017-01-01,2018-01-01,2019-01-01,CBR,Downgradient,-78.4285714285714,Downgradient,6.25,6.25,0.0
22348_12_CU_2017-07-01,22348_2,22348,2,CU,2017-07-01,Carbonate Alkalinity,mg/L,10.0,<,2017-01-01,2018-01-01,2019-01-01,CBR,Upgradient,-78.4285714285714,Upgradient,6.25,6.25,0.0
22348_12_DU_2017-07-01,22348_2,22348,2,DU,2017-07-01,Carbonate Alkalinity,mg/L,10.0,<,2017-01-01,2018-01-01,2019-01-01,CBR,Upgradient,-78.4285714285714,Upgradient,6.25,6.25,0.0
22348_12_EU_2017-07-01,22348_2,22348,2,EU,2017-07-01,Carbonate Alkalinity,mg/L,10.0,<,2017-01-01,2018-01-01,2019-01-01,CBR,Upgradient,-78.4285714285714,Upgradient,6.25,6.25,0.0
22348_12_FU_2017-07-01,22348_2,22348,2,FU,2017-07-01,Carbonate Alkalinity,mg/L,10.0,<,2017-01-01,2018-01-01,2019-01-01,CBR,Upgradient,-78.4285714285714,Upgradient,6.25,6.25,0.0
22348_2_A_2017-08-01,22348_2,22348,2,A,2017-08-01,Carbonate Alkalinity,mg/L,5.0,<,2017-01-01,2018-01-01,2019-01-01,CBR,Sidegradient,-74.0,Downgradient,6.25,6.25,0.0
22348_12_AU_2017-08-01,22348_2,22348,2,AU,2017-08-01,Carbonate Alkalinity,mg/L,5.0,<,2017-01-01,2018-01-01,2019-01-01,CBR,Upgradient,-74.0,Upgradient,6.25,6.25,0.0
22348_2_B_2017-08-01,22348_2,22348,2,B,2017-08-01,Carbonate Alkalinity,mg/L,5.0,<,2017-01-01,2018-01-01,2019-01-01,CBR,Downgradient,-74.0,Downgradient,6.25,6.25,0.0
22348_12_BU_2017-08-01,22348_2,22348,2,BU,2017-08-01,Carbonate Alkalinity,mg/L,5.0,<,2017-01-01,2018-01-01,2019-01-01,CBR,Upgradient,-74.0,Upgradient,6.25,6.25,0.0
22348_2_C_2017-08-01,22348_2,22348,2,C,2017-08-01,Carbonate Alkalinity,mg/L,5.0,<,2017-01-01,2018-01-01,2019-01-01,CBR,Downgradient,-74.0,Downgradient,6.25,6.25,0.0
22348_12_CU_2017-08-01,22348_2,22348,2,CU,2017-08-01,Carbonate Alkalinity,mg/L,5.0,<,2017-01-01,2018-01-01,2019-01-01,CBR,Upgradient,-74.0,Upgradient,6.25,6.25,0.0
22348_12_DU_2017-08-01,22348_2,22348,2,DU,2017-08-01,Carbonate Alkalinity,mg/L,5.0,<,2017-01-01,2018-01-01,2019-01-01,CBR,Upgradient,-74.0,Upgradient,6.25,6.25,0.0
22348_12_EU_2017-08-01,22348_2,22348,2,EU,2017-08-01,Carbonate Alkalinity,mg/L,5.0,<,2017-01-01,2018-01-01,2019-01-01,CBR,Upgradient,-74.0,Upgradient,6.25,6.25,0.0
22348_12_FU_2017-08-01,22348_2,22348,2,FU,2017-08-01,Carbonate Alkalinity,mg/L,5.0,<,2017-01-01,2018-01-01,2019-01-01,CBR,Upgradient,-74.0,Upgradient,6.25,6.25,0.0
22348_2_A_2018-11-01,22348_2,22348,2,A,2018-11-01,Carbonate Alkalinity,mg/L,5.0,<,2017-01-01,2018-01-01,2019-01-01,CBR,Sidegradient,-8.71428571428571,Downgradient,6.25,6.25,0.0
22348_12_AU_2018-11-01,22348_2,22348,2,AU,2018-11-01,Carbonate Alkalinity,mg/L,5.0,<,2017-01-01,2018-01-01,2019-01-01,CBR,Upgradient,-8.71428571428571,Upgradient,6.25,6.25,0.0
22348_2_B_2018-11-01,22348_2,22348,2,B,2018-11-01,Carbonate Alkalinity,mg/L,5.0,<,2017-01-01,2018-01-01,2019-01-01,CBR,Downgradient,-8.71428571428571,Downgradient,6.25,6.25,0.0
22348_12_BU_2018-11-01,22348_2,22348,2,BU,2018-11-01,Carbonate Alkalinity,mg/L,5.0,<,2017-01-01,2018-01-01,2019-01-01,CBR,Upgradient,-8.71428571428571,Upgradient,6.25,6.25,0.0
22348_2_C_2018-11-01,22348_2,22348,2,C,2018-11-01,Carbonate Alkalinity,mg/L,5.0,<,2017-01-01,2018-01-01,2019-01-01,CBR,Downgradient,-8.71428571428571,Downgradient,6.25,6.25,0.0
22348_12_CU_2018-11-01,22348_2,22348,2,CU,2018-11-01,Carbonate Alkalinity,mg/L,5.0,<,2017-01-01,2018-01-01,2019-01-01,CBR,Upgradient,-8.71428571428571,Upgradient,6.25,6.25,0.0
22348_12_DU_2018-11-01,22348_2,22348,2,DU,2018-11-01,Carbonate Alkalinity,mg/L,5.0,<,2017-01-01,2018-01-01,2019-01-01,CBR,Upgradient,-8.71428571428571,Upgradient,6.25,6.25,0.0
22348_12_EU_2018-11-01,22348_2,22348,2,EU,2018-11-01,Carbonate Alkalinity,mg/L,5.0,<,2017-01-01,2018-01-01,2019-01-01,CBR,Upgradient,-8.71428571428571,Upgradient,6.25,6.25,0.0
22348_12_FU_2018-11-01,22348_2,22348,2,FU,2018-11-01,Carbonate Alkalinity,mg/L,5.0,<,2017-01-01,2018-01-01,2019-01-01,CBR,Upgradient,-8.71428571428571,Upgradient,6.25,6.25,0.0
22348_12_J_2018-11-01,22348_2,22348,2,J,2018-11-01,Carbonate Alkalinity,mg/L,5.0,<,2017-01-01,2018-01-01,2019-01-01,CBR,Sidegradient,-8.71428571428571,Downgradient,6.25,6.25,0.0
22348_2_D_2018-12-01,22348_2,22348,2,D,2018-12-01,Carbonate Alkalinity,mg/L,5.0,<,2017-01-01,2018-01-01,2019-01-01,CBR,Sidegradient,-4.42857142857143,Downgradient,6.25,6.25,0.0
22348_2_E_2018-12-01,22348_2,22348,2,E,2018-12-01,Carbonate Alkalinity,mg/L,5.0,<,2017-01-01,2018-01-01,2019-01-01,CBR,Sidegradient,-4.42857142857143,Downgradient,6.25,6.25,0.0
22348_2_F_2018-12-01,22348_2,22348,2,F,2018-12-01,Carbonate Alkalinity,mg/L,5.0,<,2017-01-01,2018-01-01,2019-01-01,CBR,Sidegradient,-4.42857142857143,Downgradient,6.25,6.25,0.0
22348_12_H_2018-12-01,22348_2,22348,2,H,2018-12-01,Carbonate Alkalinity,mg/L,5.0,<,2017-01-01,2018-01-01,2019-01-01,CBR,Sidegradient,-4.42857142857143,Downgradient,6.25,6.25,0.0
22348_12_K_2018-12-01,22348_2,22348,2,K,2018-12-01,Carbonate Alkalinity,mg/L,5.0,<,2017-01-01,2018-01-01,2019-01-01,CBR,Sidegradient,-4.42857142857143,Downgradient,6.25,6.25,0.0
22348_2_A_2019-03-01,22348_2,22348,2,A,2019-03-01,Carbonate Alkalinity,mg/L,5.0,<,2017-01-01,2018-01-01,2019-01-01,CBR,Sidegradient,8.42857142857143,Downgradient,5.0,6.25,-1.25
22348_2_B_2019-03-01,22348_2,22348,2,B,2019-03-01,Carbonate Alkalinity,mg/L,5.0,<,2017-01-01,2018-01-01,2019-01-01,CBR,Downgradient,8.42857142857143,Downgradient,5.0,6.25,-1.25
22348_2_C_2019-03-01,22348_2,22348,2,C,2019-03-01,Carbonate Alkalinity,mg/L,5.0,<,2017-01-01,2018-01-01,2019-01-01,CBR,Downgradient,8.42857142857143,Downgradient,5.0,6.25,-1.25
22348_2_D_2019-03-01,22348_2,22348,2,D,2019-03-01,Carbonate Alkalinity,mg/L,5.0,<,2017-01-01,2018-01-01,2019-01-01,CBR,Sidegradient,8.42857142857143,Downgradient,5.0,6.25,-1.25
22348_2_E_2019-03-01,22348_2,22348,2,E,2019-03-01,Carbonate Alkalinity,mg/L,5.0,<,2017-01-01,2018-01-01,2019-01-01,CBR,Sidegradient,8.42857142857143,Downgradient,5.0,6.25,-1.25
22348_2_F_2019-03-01,22348_2,22348,2,F,2019-03-01,Carbonate Alkalinity,mg/L,5.0,<,2017-01-01,2018-01-01,2019-01-01,CBR,Sidegradient,8.42857142857143,Downgradient,5.0,6.25,-1.25
22348_2_A_2019-05-01,22348_2,22348,2,A,2019-05-01,Carbonate Alkalinity,mg/L,5.0,<,2017-01-01,2018-01-01,2019-01-01,CBR,Sidegradient,17.1428571428571,Downgradient,5.0,6.25,-1.25
22348_2_B_2019-05-01,22348_2,22348,2,B,2019-05-01,Carbonate Alkalinity,mg/L,5.0,<,2017-01-01,2018-01-01,2019-01-01,CBR,Downgradient,17.1428571428571,Downgradient,5.0,6.25,-1.25
22348_2_C_2019-05-01,22348_2,22348,2,C,2019-05-01,Carbonate Alkalinity,mg/L,5.0,<,2017-01-01,2018-01-01,2019-01-01,CBR,Downgradient,17.1428571428571,Downgradient,5.0,6.25,-1.25
22348_2_D_2019-05-01,22348_2,22348,2,D,2019-05-01,Carbonate Alkalinity,mg/L,5.0,<,2017-01-01,2018-01-01,2019-01-01,CBR,Sidegradient,17.1428571428571,Downgradient,5.0,6.25,-1.25
22348_2_E_2019-05-01,22348_2,22348,2,E,2019-05-01,Carbonate Alkalinity,mg/L,5.0,<,2017-01-01,2018-01-01,2019-01-01,CBR,Sidegradient,17.1428571428571,Downgradient,5.0,6.25,-1.25
22348_2_F_2019-05-01,22348_2,22348,2,F,2019-05-01,Carbonate Alkalinity,mg/L,5.0,<,2017-01-01,2018-01-01,2019-01-01,CBR,Sidegradient,17.1428571428571,Downgradient,5.0,6.25,-1.25
22348_12_G_2019-05-01,22348_2,22348,2,G,2019-05-01,Carbonate Alkalinity,mg/L,5.0,<,2017-01-01,2018-01-01,2019-01-01,CBR,Downgradient,17.1428571428571,Downgradient,5.0,6.25,-1.25
22348_12_H_2019-05-01,22348_2,22348,2,H,2019-05-01,Carbonate Alkalinity,mg/L,5.0,<,2017-01-01,2018-01-01,2019-01-01,CBR,Sidegradient,17.1428571428571,Downgradient,5.0,6.25,-1.25
22348_12_J_2019-05-01,22348_2,22348,2,J,2019-05-01,Carbonate Alkalinity,mg/L,5.0,<,2017-01-01,2018-01-01,2019-01-01,CBR,Sidegradient,17.1428571428571,Downgradient,5.0,6.25,-1.25
22348_12_K_2019-05-01,22348_2,22348,2,K,2019-05-01,Carbonate Alkalinity,mg/L,5.0,<,2017-01-01,2018-01-01,2019-01-01,CBR,Sidegradient,17.1428571428571,Downgradient,5.0,6.25,-1.25
22348_2_A_2020-05-01,22348_2,22348,2,A,2020-05-01,Carbonate Alkalinity,mg/L,5.0,<,2017-01-01,2018-01-01,2019-01-01,CBR,Sidegradient,69.4285714285714,Downgradient,5.0,6.25,-1.25
22348_2_B_2020-05-01,22348_2,22348,2,B,2020-05-01,Carbonate Alkalinity,mg/L,5.0,<,2017-01-01,2018-01-01,2019-01-01,CBR,Downgradient,69.4285714285714,Downgradient,5.0,6.25,-1.25
22348_12_BU_2020-05-01,22348_2,22348,2,BU,2020-05-01,Carbonate Alkalinity,mg/L,5.0,<,2017-01-01,2018-01-01,2019-01-01,CBR,Upgradient,69.4285714285714,Upgradient,5.0,6.25,-1.25
22348_12_CU_2020-05-01,22348_2,22348,2,CU,2020-05-01,Carbonate Alkalinity,mg/L,5.0,<,2017-01-01,2018-01-01,2019-01-01,CBR,Upgradient,69.4285714285714,Upgradient,5.0,6.25,-1.25
22348_12_EU_2020-05-01,22348_2,22348,2,EU,2020-05-01,Carbonate Alkalinity,mg/L,5.0,<,2017-01-01,2018-01-01,2019-01-01,CBR,Upgradient,69.4285714285714,Upgradient,5.0,6.25,-1.25
22348_2_A_2021-04-01,22348_2,22348,2,A,2021-04-01,Carbonate Alkalinity,mg/L,5.0,<,2017-01-01,2018-01-01,2019-01-01,CBR,Sidegradient,117.285714285714,Downgradient,5.0,5.0,0.0
22348_12_AU_2021-04-01,22348_2,22348,2,AU,2021-04-01,Carbonate Alkalinity,mg/L,5.0,<,2017-01-01,2018-01-01,2019-01-01,CBR,Upgradient,117.285714285714,Upgradient,5.0,5.0,0.0
22348_2_B_2021-04-01,22348_2,22348,2,B,2021-04-01,Carbonate Alkalinity,mg/L,5.0,<,2017-01-01,2018-01-01,2019-01-01,CBR,Downgradient,117.285714285714,Downgradient,5.0,5.0,0.0
22348_12_BU_2021-04-01,22348_2,22348,2,BU,2021-04-01,Carbonate Alkalinity,mg/L,5.0,<,2017-01-01,2018-01-01,2019-01-01,CBR,Upgradient,117.285714285714,Upgradient,5.0,5.0,0.0
22348_2_C_2021-04-01,22348_2,22348,2,C,2021-04-01,Carbonate Alkalinity,mg/L,5.0,<,2017-01-01,2018-01-01,2019-01-01,CBR,Downgradient,117.285714285714,Downgradient,5.0,5.0,0.0
22348_12_CU_2021-04-01,22348_2,22348,2,CU,2021-04-01,Carbonate Alkalinity,mg/L,5.0,<,2017-01-01,2018-01-01,2019-01-01,CBR,Upgradient,117.285714285714,Upgradient,5.0,5.0,0.0
22348_2_D_2021-04-01,22348_2,22348,2,D,2021-04-01,Carbonate Alkalinity,mg/L,5.0,<,2017-01-01,2018-01-01,2019-01-01,CBR,Sidegradient,117.285714285714,Downgradient,5.0,5.0,0.0
22348_12_DU_2021-04-01,22348_2,22348,2,DU,2021-04-01,Carbonate Alkalinity,mg/L,5.0,<,2017-01-01,2018-01-01,2019-01-01,CBR,Upgradient,117.285714285714,Upgradient,5.0,5.0,0.0
22348_2_E_2021-04-01,22348_2,22348,2,E,2021-04-01,Carbonate Alkalinity,mg/L,5.0,<,2017-01-01,2018-01-01,2019-01-01,CBR,Sidegradient,117.285714285714,Downgradient,5.0,5.0,0.0
22348_12_EU_2021-04-01,22348_2,22348,2,EU,2021-04-01,Carbonate Alkalinity,mg/L,5.0,<,2017-01-01,2018-01-01,2019-01-01,CBR,Upgradient,117.285714285714,Upgradient,5.0,5.0,0.0
22348_2_F_2021-04-01,22348_2,22348,2,F,2021-04-01,Carbonate Alkalinity,mg/L,5.0,<,2017-01-01,2018-01-01,2019-01-01,CBR,Sidegradient,117.285714285714,Downgradient,5.0,5.0,0.0
22348_12_FU_2021-04-01,22348_2,22348,2,FU,2021-04-01,Carbonate Alkalinity,mg/L,5.0,<,2017-01-01,2018-01-01,2019-01-01,CBR,Upgradient,117.285714285714,Upgradient,5.0,5.0,0.0
22348_2_A_2021-11-01,22348_2,22348,2,A,2021-11-01,Carbonate Alkalinity,mg/L,5.0,<,2017-01-01,2018-01-01,2019-01-01,CBR,Sidegradient,147.857142857143,Downgradient,5.0,5.0,0.0
22348_12_AU_2021-11-01,22348_2,22348,2,AU,2021-11-01,Carbonate Alkalinity,mg/L,5.0,<,2017-01-01,2018-01-01,2019-01-01,CBR,Upgradient,147.857142857143,Upgradient,5.0,5.0,0.0
22348_2_B_2021-11-01,22348_2,22348,2,B,2021-11-01,Carbonate Alkalinity,mg/L,5.0,<,2017-01-01,2018-01-01,2019-01-01,CBR,Downgradient,147.857142857143,Downgradient,5.0,5.0,0.0
22348_12_BU_2021-11-01,22348_2,22348,2,BU,2021-11-01,Carbonate Alkalinity,mg/L,5.0,<,2017-01-01,2018-01-01,2019-01-01,CBR,Upgradient,147.857142857143,Upgradient,5.0,5.0,0.0
22348_2_C_2021-11-01,22348_2,22348,2,C,2021-11-01,Carbonate Alkalinity,mg/L,5.0,<,2017-01-01,2018-01-01,2019-01-01,CBR,Downgradient,147.857142857143,Downgradient,5.0,5.0,0.0
22348_12_CU_2021-11-01,22348_2,22348,2,CU,2021-11-01,Carbonate Alkalinity,mg/L,5.0,<,2017-01-01,2018-01-01,2019-01-01,CBR,Upgradient,147.857142857143,Upgradient,5.0,5.0,0.0
22348_2_D_2021-11-01,22348_2,22348,2,D,2021-11-01,Carbonate Alkalinity,mg/L,5.0,<,2017-01-01,2018-01-01,2019-01-01,CBR,Sidegradient,147.857142857143,Downgradient,5.0,5.0,0.0
22348_12_DU_2021-11-01,22348_2,22348,2,DU,2021-11-01,Carbonate Alkalinity,mg/L,5.0,<,2017-01-01,2018-01-01,2019-01-01,CBR,Upgradient,147.857142857143,Upgradient,5.0,5.0,0.0
22348_2_E_2021-11-01,22348_2,22348,2,E,2021-11-01,Carbonate Alkalinity,mg/L,5.0,<,2017-01-01,2018-01-01,2019-01-01,CBR,Sidegradient,147.857142857143,Downgradient,5.0,5.0,0.0
22348_12_EU_2021-11-01,22348_2,22348,2,EU,2021-11-01,Carbonate Alkalinity,mg/L,5.0,<,2017-01-01,2018-01-01,2019-01-01,CBR,Upgradient,147.857142857143,Upgradient,5.0,5.0,0.0
22348_2_F_2021-11-01,22348_2,22348,2,F,2021-11-01,Carbonate Alkalinity,mg/L,5.0,<,2017-01-01,2018-01-01,2019-01-01,CBR,Sidegradient,147.857142857143,Downgradient,5.0,5.0,0.0
22348_12_FU_2021-11-01,22348_2,22348,2,FU,2021-11-01,Carbonate Alkalinity,mg/L,5.0,<,2017-01-01,2018-01-01,2019-01-01,CBR,Upgradient,147.857142857143,Upgradient,5.0,5.0,0.0
22348_12_AU_2022-03-01,22348_2,22348,2,AU,2022-03-01,Carbonate Alkalinity,mg/L,5000.0,<,2017-01-01,2018-01-01,2019-01-01,CBR,Upgradient,165.0,Upgradient,1253.75,1253.75,0.0
22348_12_BU_2022-03-01,22348_2,22348,2,BU,2022-03-01,Carbonate Alkalinity,mg/L,5000.0,<,2017-01-01,2018-01-01,2019-01-01,CBR,Upgradient,165.0,Upgradient,1253.75,1253.75,0.0
22348_12_CU_2022-03-01,22348_2,22348,2,CU,2022-03-01,Carbonate Alkalinity,mg/L,5000.0,<,2017-01-01,2018-01-01,2019-01-01,CBR,Upgradient,165.0,Upgradient,1253.75,1253.75,0.0
22348_12_DU_2022-03-01,22348_2,22348,2,DU,2022-03-01,Carbonate Alkalinity,mg/L,5000.0,<,2017-01-01,2018-01-01,2019-01-01,CBR,Upgradient,165.0,Upgradient,1253.75,1253.75,0.0
22348_12_EU_2022-03-01,22348_2,22348,2,EU,2022-03-01,Carbonate Alkalinity,mg/L,5000.0,<,2017-01-01,2018-01-01,2019-01-01,CBR,Upgradient,165.0,Upgradient,1253.75,1253.75,0.0
22348_12_FU_2022-03-01,22348_2,22348,2,FU,2022-03-01,Carbonate Alkalinity,mg/L,5000.0,<,2017-01-01,2018-01-01,2019-01-01,CBR,Upgradient,165.0,Upgradient,1253.75,1253.75,0.0
22348_12_H_2022-03-01,22348_2,22348,2,H,2022-03-01,Carbonate Alkalinity,mg/L,5000.0,<,2017-01-01,2018-01-01,2019-01-01,CBR,Sidegradient,165.0,Downgradient,1253.75,1253.75,0.0
22348_12_K_2022-03-01,22348_2,22348,2,K,2022-03-01,Carbonate Alkalinity,mg/L,5000.0,<,2017-01-01,2018-01-01,2019-01-01,CBR,Sidegradient,165.0,Downgradient,1253.75,1253.75,0.0
22348_2_A_2022-04-01,22348_2,22348,2,A,2022-04-01,Carbonate Alkalinity,mg/L,5.0,<,2017-01-01,2018-01-01,2019-01-01,CBR,Sidegradient,169.428571428571,Downgradient,1253.75,1253.75,0.0
22348_12_AU_2022-04-01,22348_2,22348,2,AU,2022-04-01,Carbonate Alkalinity,mg/L,5.0,<,2017-01-01,2018-01-01,2019-01-01,CBR,Upgradient,169.428571428571,Upgradient,1253.75,1253.75,0.0
22348_2_B_2022-04-01,22348_2,22348,2,B,2022-04-01,Carbonate Alkalinity,mg/L,5.0,<,2017-01-01,2018-01-01,2019-01-01,CBR,Downgradient,169.428571428571,Downgradient,1253.75,1253.75,0.0
22348_12_BU_2022-04-01,22348_2,22348,2,BU,2022-04-01,Carbonate Alkalinity,mg/L,5.0,<,2017-01-01,2018-01-01,2019-01-01,CBR,Upgradient,169.428571428571,Upgradient,1253.75,1253.75,0.0
22348_2_C_2022-04-01,22348_2,22348,2,C,2022-04-01,Carbonate Alkalinity,mg/L,5.0,<,2017-01-01,2018-01-01,2019-01-01,CBR,Downgradient,169.428571428571,Downgradient,1253.75,1253.75,0.0
22348_12_CU_2022-04-01,22348_2,22348,2,CU,2022-04-01,Carbonate Alkalinity,mg/L,5.0,<,2017-01-01,2018-01-01,2019-01-01,CBR,Upgradient,169.428571428571,Upgradient,1253.75,1253.75,0.0
22348_2_D_2022-04-01,22348_2,22348,2,D,2022-04-01,Carbonate Alkalinity,mg/L,5.0,<,2017-01-01,2018-01-01,2019-01-01,CBR,Sidegradient,169.428571428571,Downgradient,1253.75,1253.75,0.0
22348_12_DU_2022-04-01,22348_2,22348,2,DU,2022-04-01,Carbonate Alkalinity,mg/L,5.0,<,2017-01-01,2018-01-01,2019-01-01,CBR,Upgradient,169.428571428571,Upgradient,1253.75,1253.75,0.0
22348_2_E_2022-04-01,22348_2,22348,2,E,2022-04-01,Carbonate Alkalinity,mg/L,5.0,<,2017-01-01,2018-01-01,2019-01-01,CBR,Sidegradient,169.428571428571,Downgradient,1253.75,1253.75,0.0
22348_12_EU_2022-04-01,22348_2,22348,2,EU,2022-04-01,Carbonate Alkalinity,mg/L,5.0,<,2017-01-01,2018-01-01,2019-01-01,CBR,Upgradient,169.428571428571,Upgradient,1253.75,1253.75,0.0
22348_2_F_2022-04-01,22348_2,22348,2,F,2022-04-01,Carbonate Alkalinity,mg/L,5.0,<,2017-01-01,2018-01-01,2019-01-01,CBR,Sidegradient,169.428571428571,Downgradient,1253.75,1253.75,0.0
22348_12_FU_2022-04-01,22348_2,22348,2,FU,2022-04-01,Carbonate Alkalinity,mg/L,5.0,<,2017-01-01,2018-01-01,2019-01-01,CBR,Upgradient,169.428571428571,Upgradient,1253.75,1253.75,0.0
22348_12_H_2022-04-01,22348_2,22348,2,H,2022-04-01,Carbonate Alkalinity,mg/L,5.0,<,2017-01-01,2018-01-01,2019-01-01,CBR,Sidegradient,169.428571428571,Downgradient,1253.75,1253.75,0.0
22348_12_J_2022-04-01,22348_2,22348,2,J,2022-04-01,Carbonate Alkalinity,mg/L,5.0,<,2017-01-01,2018-01-01,2019-01-01,CBR,Sidegradient,169.428571428571,Downgradient,1253.75,1253.75,0.0
22348_12_K_2022-04-01,22348_2,22348,2,K,2022-04-01,Carbonate Alkalinity,mg/L,5.0,<,2017-01-01,2018-01-01,2019-01-01,CBR,Sidegradient,169.428571428571,Downgradient,1253.75,1253.75,0.0
